-- phpMyAdmin SQL Dump
-- version 5.0.1
-- https://www.phpmyadmin.net/
--
-- Host: 127.0.0.1
-- Generation Time: Mar 21, 2020 at 12:55 PM
-- Server version: 10.4.11-MariaDB
-- PHP Version: 7.2.27

SET SQL_MODE = "NO_AUTO_VALUE_ON_ZERO";
SET AUTOCOMMIT = 0;
START TRANSACTION;
SET time_zone = "+00:00";


/*!40101 SET @OLD_CHARACTER_SET_CLIENT=@@CHARACTER_SET_CLIENT */;
/*!40101 SET @OLD_CHARACTER_SET_RESULTS=@@CHARACTER_SET_RESULTS */;
/*!40101 SET @OLD_COLLATION_CONNECTION=@@COLLATION_CONNECTION */;
/*!40101 SET NAMES utf8mb4 */;

--
-- Database: `pcb`
--

-- --------------------------------------------------------

--
-- Table structure for table `lookupentity`
--

CREATE TABLE `lookupentity` (
  `EntityId` int(11) NOT NULL,
  `EntityName` varchar(45) NOT NULL,
  `GroupId` int(11) NOT NULL,
  `Status` tinyint(4) NOT NULL DEFAULT 1
) ENGINE=InnoDB DEFAULT CHARSET=utf8mb4;

--
-- Dumping data for table `lookupentity`
--

INSERT INTO `lookupentity` (`EntityId`, `EntityName`, `GroupId`, `Status`) VALUES
(1, 'tblusers', 1, 1),
(2, 'tblroles', 1, 1),
(3, 'schools', 3, 1),
(4, 'hospitals', 3, 1),
(5, 'e-waste', 5, 1),
(6, 'bio waste', 5, 1),
(7, 'solidwaste', 5, 1),
(8, 'tbldistricts', 1, 1),
(9, 'tblstates', 1, 1),
(10, 'tblrolefeatures', 1, 1),
(11, 'tblroutes', 1, 1),
(12, 'tblorganizations', 1, 1),
(13, 'tblbranchs', 1, 1),
(14, 'tblorgwastetypes', 1, 1),
(28, 'Daily', 6, 1),
(29, 'Oncall', 6, 1),
(30, 'Schedule', 6, 1),
(31, 'tbltaluka', 1, 1),
(32, 'tblpanchaytee', 1, 1),
(33, 'tblvillages', 1, 1),
(34, 'lookupentity', 1, 1),
(35, 'Plastic', 5, 1),
(36, 'sg dfh fj', 5, 2),
(37, 'tblwastecolors', 1, 1),
(38, 'Truck', 7, 1),
(39, 'Garbage Truck', 7, 1),
(40, 'dfhdfghfgh', 5, 1),
(41, 'auto', 7, 1),
(42, 'Recycle plant 1', 4, 1),
(43, 'tbldriverroutes', 1, 1);

-- --------------------------------------------------------

--
-- Table structure for table `lookupgroups`
--

CREATE TABLE `lookupgroups` (
  `GroupId` int(11) NOT NULL,
  `GroupName` varchar(45) NOT NULL,
  `Status` tinyint(4) NOT NULL DEFAULT 1
) ENGINE=InnoDB DEFAULT CHARSET=utf8mb4;

--
-- Dumping data for table `lookupgroups`
--

INSERT INTO `lookupgroups` (`GroupId`, `GroupName`, `Status`) VALUES
(1, 'Tables', 1),
(2, 'Organizations', 1),
(3, 'Waste Generators', 1),
(4, 'Waste Disposals', 1),
(5, 'Waste Types', 1),
(6, 'Schedule', 1),
(7, 'Vehicle Types', 1);

-- --------------------------------------------------------

--
-- Table structure for table `tbladdress`
--

CREATE TABLE `tbladdress` (
  `AddressId` int(11) NOT NULL,
  `UId` int(11) NOT NULL,
  `ConcatNo` varchar(15) NOT NULL,
  `AlternateContactNo` varchar(15) DEFAULT NULL,
  `EmailId` varchar(45) DEFAULT NULL,
  `Address` varchar(255) DEFAULT NULL,
  `VillageId` int(11) DEFAULT NULL,
  `Lattitude` varchar(45) DEFAULT NULL,
  `Longitude` varchar(45) DEFAULT NULL,
  `Status` tinyint(4) NOT NULL DEFAULT 1
) ENGINE=InnoDB DEFAULT CHARSET=utf8mb4;

-- --------------------------------------------------------

--
-- Table structure for table `tblbranchs`
--

CREATE TABLE `tblbranchs` (
  `BranchId` int(11) NOT NULL,
  `OrgId` int(11) NOT NULL,
  `BranchName` varchar(45) NOT NULL,
  `EntityId` int(11) NOT NULL,
  `Latitude` varchar(45) NOT NULL,
  `Longitude` varchar(45) NOT NULL,
  `Location` varchar(225) NOT NULL,
  `Status` tinyint(4) DEFAULT 1,
  `WasteSchedule` int(11) NOT NULL,
  `Schedule` varchar(30) DEFAULT NULL
) ENGINE=InnoDB DEFAULT CHARSET=utf8mb4;

--
-- Dumping data for table `tblbranchs`
--

INSERT INTO `tblbranchs` (`BranchId`, `OrgId`, `BranchName`, `EntityId`, `Latitude`, `Longitude`, `Location`, `Status`, `WasteSchedule`, `Schedule`) VALUES
(1, 3, 'narayana madhapur', 3, '17.4486', '78.3908', 'Madhapur, Hyderabad, Telangana, India', 1, 0, '0'),
(2, 3, 'narayana amerpet', 3, '17.4375', '78.4482', 'Ameerpet, Hyderabad, Telangana, India', 1, 0, '0'),
(3, 3, 'nb', 3, '17.4447', '78.4664', 'Begumpet, Hyderabad, Telangana, India', 1, 0, '0'),
(4, 4, 'sri chaithanya', 4, '17.4011', '78.4857', 'Paradise Circle, Sandhu Apartment, Kalasiguda, Secunderabad, Telangana', 1, 0, '0'),
(5, 4, 'sri uppal', 4, '17.3984', '78.5583', 'Uppal, Hyderabad, Telangana, India', 1, 0, '0'),
(6, 4, 'sri lb nagar', 4, '17.3457', '78.5522', 'Lal Bahadur Nagar', 1, 0, '0'),
(7, 4, 'sri secunderabad', 4, '17.4399', '78.4983', 'Secunderabad  metro station', 1, 0, '0'),
(9, 20, 'care hospitals', 4, '17.4699', '78.3578', 'Kondapur', 1, 0, '0'),
(10, 21, 'abc test', 3, '17.4699', '78.3578', 'Kondapur', 1, 30, '1,2,3');

-- --------------------------------------------------------

--
-- Table structure for table `tblcontactdetails`
--

CREATE TABLE `tblcontactdetails` (
  `ContactId` int(11) NOT NULL,
  `Name` varchar(100) NOT NULL,
  `EmailId` varchar(150) NOT NULL,
  `Phone` varchar(12) NOT NULL,
  `BranchId` int(11) NOT NULL
) ENGINE=InnoDB DEFAULT CHARSET=utf8mb4;

--
-- Dumping data for table `tblcontactdetails`
--

INSERT INTO `tblcontactdetails` (`ContactId`, `Name`, `EmailId`, `Phone`, `BranchId`) VALUES
(1, 'abctest', 'abctest@gmail.com', '11111111111', 1),
(2, 'abcxyz', 'abcxyz@gmail.com', '2222222222', 1),
(3, 'pqr', 'pqr@gmail.com', '3453453453', 2),
(4, 'abcxywerewtz', 'abcertrexyz@gmail.com', '34534534555', 4);

-- --------------------------------------------------------

--
-- Table structure for table `tbldistricts`
--

CREATE TABLE `tbldistricts` (
  `DistrictId` int(11) NOT NULL,
  `StateId` int(11) NOT NULL,
  `DistrictName` varchar(45) NOT NULL,
  `Status` tinyint(4) NOT NULL DEFAULT 1
) ENGINE=InnoDB DEFAULT CHARSET=utf8mb4;

--
-- Dumping data for table `tbldistricts`
--

INSERT INTO `tbldistricts` (`DistrictId`, `StateId`, `DistrictName`, `Status`) VALUES
(1, 1, 'kadapa', 1),
(2, 3, 'Mysooru', 1),
(3, 3, 'East Bangalore', 1),
(4, 3, 'Bangaluru rural', 1),
(5, 1, 'Chittor', 1),
(7, 2, 'ghjkhjkhjkhj', 1),
(8, 2, 'ghjghj ghkhjkj', 1),
(9, 2, 'fgj ghk hjk', 2),
(10, 3, 'dfghfgjh ghj kkkkkkkkkkkkkkkkkkkk', 1),
(11, 2, 'fgj ghj', 2),
(12, 2, 'fghfghfgh kkkkkkkk', 2),
(13, 1, 'cvnbvn bvn', 1);

-- --------------------------------------------------------

--
-- Table structure for table `tbldriveractivities`
--

CREATE TABLE `tbldriveractivities` (
  `DriverActivityId` int(11) NOT NULL,
  `AssignmentId` int(11) NOT NULL,
  `VehicleId` int(11) NOT NULL,
  `RouteId` int(11) NOT NULL,
  `DriverStartDate` date NOT NULL,
  `DriverStartTime` time NOT NULL,
  `DriverArrivalDate` date NOT NULL,
  `DriverArrivalTime` time NOT NULL,
  `NotificationStatus` tinyint(4) NOT NULL DEFAULT 0,
  `Status` tinyint(4) NOT NULL DEFAULT 1
) ENGINE=InnoDB DEFAULT CHARSET=utf8mb4;

-- --------------------------------------------------------

--
-- Table structure for table `tbldriverroutes`
--

CREATE TABLE `tbldriverroutes` (
  `AssignmentId` int(11) NOT NULL,
  `UId` int(11) NOT NULL,
  `VehicleId` int(11) NOT NULL,
  `RouteId` int(11) NOT NULL,
  `AssignedDate` date NOT NULL,
  `AssignedTime` time NOT NULL,
  `StartDate` date DEFAULT NULL,
  `StartTime` time DEFAULT NULL,
  `AssignedBy` int(11) NOT NULL,
  `AcceptedBy` int(11) DEFAULT NULL,
  `AcceptedDate` date DEFAULT NULL,
  `AcceptedTime` date DEFAULT NULL,
  `DriverStartDate` date DEFAULT NULL,
  `DriverStartTime` time DEFAULT NULL,
  `ArrivalDate` date DEFAULT NULL,
  `ArrivalTime` time DEFAULT NULL,
  `Status` tinyint(4) NOT NULL DEFAULT 1,
  `DriverRouteFromDate` date NOT NULL,
  `DriverRouteFromTime` time NOT NULL,
  `DriverRouteToDate` date NOT NULL,
  `DriverRouteToTime` time NOT NULL,
  `ScheduleStatus` tinyint(4) NOT NULL DEFAULT 1
) ENGINE=InnoDB DEFAULT CHARSET=utf8mb4;

--
-- Dumping data for table `tbldriverroutes`
--

INSERT INTO `tbldriverroutes` (`AssignmentId`, `UId`, `VehicleId`, `RouteId`, `AssignedDate`, `AssignedTime`, `StartDate`, `StartTime`, `AssignedBy`, `AcceptedBy`, `AcceptedDate`, `AcceptedTime`, `DriverStartDate`, `DriverStartTime`, `ArrivalDate`, `ArrivalTime`, `Status`, `DriverRouteFromDate`, `DriverRouteFromTime`, `DriverRouteToDate`, `DriverRouteToTime`, `ScheduleStatus`) VALUES
(1, 6, 1, 2, '0000-00-00', '00:00:00', '2020-04-12', '10:30:00', 0, 0, '0000-00-00', '2020-03-11', '0000-00-00', '00:00:00', '0000-00-00', '00:00:00', 2, '0000-00-00', '00:00:00', '0000-00-00', '00:00:00', 1),
(2, 5, 1, 1, '0000-00-00', '00:00:00', '2020-03-11', '16:30:00', 0, 0, '0000-00-00', '2020-03-11', '0000-00-00', '00:00:00', '0000-00-00', '00:00:00', 2, '0000-00-00', '00:00:00', '0000-00-00', '00:00:00', 1),
(3, 5, 1, 1, '0000-00-00', '00:00:00', '2020-05-11', '16:30:00', 0, 0, '0000-00-00', '2020-03-11', '0000-00-00', '00:00:00', '0000-00-00', '00:00:00', 1, '0000-00-00', '00:00:00', '0000-00-00', '00:00:00', 1),
(4, 6, 2, 2, '2020-03-12', '11:17:56', '2020-03-12', '17:00:00', 2, NULL, NULL, NULL, NULL, NULL, NULL, NULL, 1, '0000-00-00', '00:00:00', '0000-00-00', '00:00:00', 1),
(5, 5, 1, 1, '2020-03-12', '11:23:45', '2020-03-20', '18:30:00', 2, NULL, NULL, NULL, NULL, NULL, NULL, NULL, 1, '0000-00-00', '00:00:00', '0000-00-00', '00:00:00', 1),
(6, 5, 2, 1, '2020-03-13', '12:02:36', '2020-03-20', '18:00:00', 2, NULL, NULL, NULL, NULL, NULL, NULL, NULL, 1, '0000-00-00', '00:00:00', '0000-00-00', '00:00:00', 1),
(7, 5, 1, 1, '2020-03-13', '18:00:00', '2020-03-18', '09:00:00', 2, NULL, NULL, NULL, NULL, NULL, NULL, NULL, 1, '0000-00-00', '00:00:00', '0000-00-00', '00:00:00', 1),
(8, 6, 1, 2, '2020-03-13', '18:05:00', '2020-03-20', '11:00:00', 2, NULL, NULL, NULL, NULL, NULL, NULL, NULL, 1, '0000-00-00', '00:00:00', '0000-00-00', '00:00:00', 1),
(9, 5, 1, 1, '2020-03-13', '00:00:00', '2020-03-21', '14:00:00', 2, NULL, NULL, NULL, NULL, NULL, NULL, NULL, 1, '0000-00-00', '00:00:00', '0000-00-00', '00:00:00', 1),
(10, 6, 1, 2, '2020-03-13', '00:00:00', '2020-03-21', '17:00:00', 2, NULL, NULL, NULL, NULL, NULL, NULL, NULL, 1, '0000-00-00', '00:00:00', '0000-00-00', '00:00:00', 1),
(11, 6, 2, 2, '2020-03-21', '10:57:32', NULL, NULL, 2, NULL, NULL, NULL, NULL, NULL, NULL, NULL, 1, '2020-03-23', '10:00:00', '2020-03-30', '10:00:00', 1),
(12, 5, 1, 1, '2020-03-21', '10:07:11', NULL, NULL, 2, NULL, NULL, NULL, NULL, NULL, NULL, NULL, 1, '2020-03-23', '07:30:00', '2020-03-31', '07:30:00', 1);

-- --------------------------------------------------------

--
-- Table structure for table `tblfeatureoperations`
--

CREATE TABLE `tblfeatureoperations` (
  `FeatureId` int(11) NOT NULL,
  `OperationId` int(11) NOT NULL
) ENGINE=InnoDB DEFAULT CHARSET=utf8mb4;

--
-- Dumping data for table `tblfeatureoperations`
--

INSERT INTO `tblfeatureoperations` (`FeatureId`, `OperationId`) VALUES
(1, 1),
(2, 1),
(3, 1),
(4, 1),
(11, 1),
(11, 2),
(11, 3),
(11, 4),
(12, 1),
(12, 2),
(12, 3),
(12, 4),
(13, 1),
(13, 2),
(13, 3),
(13, 4),
(14, 1),
(14, 2),
(14, 3),
(14, 4),
(15, 1),
(15, 2),
(15, 3),
(15, 4),
(16, 1),
(16, 2),
(16, 3),
(16, 4),
(17, 1),
(17, 2),
(17, 3),
(17, 4),
(18, 1),
(18, 2),
(18, 3),
(18, 4),
(19, 1),
(19, 2),
(19, 3),
(19, 4),
(20, 1),
(20, 2),
(20, 3),
(20, 4),
(21, 1),
(21, 2),
(21, 3),
(21, 4),
(22, 1),
(22, 2),
(22, 3),
(22, 4),
(23, 1),
(24, 1),
(24, 2),
(24, 3),
(24, 4),
(25, 1),
(25, 2),
(25, 3),
(25, 4),
(26, 1),
(27, 1),
(27, 2),
(27, 3),
(27, 4),
(28, 1),
(28, 2),
(28, 3),
(28, 4),
(29, 1),
(29, 2),
(29, 3),
(29, 4),
(30, 1),
(30, 2),
(30, 3),
(30, 4);

-- --------------------------------------------------------

--
-- Table structure for table `tblfeatures`
--

CREATE TABLE `tblfeatures` (
  `FeatureId` int(11) NOT NULL,
  `FeatureName` varchar(45) NOT NULL,
  `FeatureType` varchar(45) NOT NULL,
  `FeatureTypeId` int(11) DEFAULT NULL,
  `MenuOrder` int(11) NOT NULL,
  `Status` tinyint(4) NOT NULL DEFAULT 1
) ENGINE=InnoDB DEFAULT CHARSET=utf8mb4;

--
-- Dumping data for table `tblfeatures`
--

INSERT INTO `tblfeatures` (`FeatureId`, `FeatureName`, `FeatureType`, `FeatureTypeId`, `MenuOrder`, `Status`) VALUES
(1, 'Employees', 'MainMenu', NULL, 3, 1),
(2, 'Location', 'MainMenu', NULL, 5, 1),
(3, 'Masters', 'MainMenu', NULL, 4, 1),
(4, 'Transporter Service', 'MainMenu', NULL, 6, 1),
(5, 'Menu5', 'MainMenu', NULL, 0, 2),
(6, 'Menu6', 'MainMenu', NULL, 0, 2),
(7, 'Menu7', 'MainMenu', NULL, 0, 2),
(8, 'Menu8', 'MainMenu', NULL, 0, 2),
(9, 'Menu9', 'MainMenu', NULL, 0, 2),
(10, 'Menu10', 'MainMenu', NULL, 0, 2),
(11, 'Roles', 'SubMenu', 1, 1, 1),
(12, 'States', 'SubMenu', 2, 2, 1),
(13, 'Districts', 'SubMenu', 2, 3, 1),
(14, 'Taluka', 'SubMenu', 2, 4, 1),
(15, 'Country', 'SubMenu', 2, 1, 1),
(16, 'Panchayatee', 'SubMenu', 2, 5, 1),
(17, 'Village', 'SubMenu', 2, 6, 1),
(18, 'Waste Colors', 'SubMenu', 3, 1, 1),
(19, 'Waste Types', 'SubMenu', 3, 2, 1),
(20, 'Industry Types', 'SubMenu', 3, 3, 1),
(21, 'Vehicle Types', 'SubMenu', 3, 4, 1),
(22, 'Employee', 'SubMenu', 1, 2, 1),
(23, 'Organizations', 'MainMenu', NULL, 1, 1),
(24, 'Waste Generators', 'Submenu', 23, 1, 1),
(25, 'Waste Disposal Plants', 'SubMenu', 23, 2, 1),
(26, 'Routes', 'MainMenu', NULL, 2, 1),
(27, 'Add Route', 'SubMenu', 26, 1, 1),
(28, 'Assign Route', 'SubMenu', 26, 2, 1),
(29, 'Generate QR Code', 'SubMenu', 4, 1, 1),
(30, 'Waste Collection', 'SubMenu', 4, 2, 1);

-- --------------------------------------------------------

--
-- Table structure for table `tbllogs`
--

CREATE TABLE `tbllogs` (
  `LogId` int(11) NOT NULL,
  `RecordId` int(11) NOT NULL,
  `TableId` int(11) NOT NULL,
  `TypeId` int(11) NOT NULL,
  `Dated` datetime NOT NULL,
  `LogBy` int(11) NOT NULL,
  `Status` tinyint(4) NOT NULL DEFAULT 1
) ENGINE=InnoDB DEFAULT CHARSET=utf8mb4;

--
-- Dumping data for table `tbllogs`
--

INSERT INTO `tbllogs` (`LogId`, `RecordId`, `TableId`, `TypeId`, `Dated`, `LogBy`, `Status`) VALUES
(1, 1, 1, 1, '2020-03-10 07:22:37', 1, 1),
(2, 1, 1, 1, '2020-03-10 07:22:48', 1, 1),
(3, 1, 1, 1, '2020-03-10 07:25:50', 1, 1),
(4, 1, 1, 1, '2020-03-10 11:03:18', 1, 1),
(5, 1, 1, 1, '2020-03-10 11:11:20', 1, 1),
(6, 1, 1, 1, '2020-03-10 11:38:16', 1, 1),
(7, 1, 1, 1, '2020-03-10 11:39:33', 1, 1),
(8, 1, 1, 1, '2020-03-10 11:51:24', 1, 1),
(9, 1, 1, 1, '2020-03-10 11:54:36', 1, 1),
(10, 1, 1, 1, '2020-03-10 12:10:42', 1, 1),
(11, 1, 1, 1, '2020-03-10 12:11:25', 1, 1),
(12, 1, 1, 1, '2020-03-10 12:12:53', 1, 1),
(13, 1, 1, 1, '2020-03-11 05:24:08', 1, 1),
(14, 1, 1, 1, '2020-03-11 09:29:08', 1, 1),
(15, 1, 1, 1, '2020-03-11 09:29:46', 1, 1),
(16, 1, 1, 1, '2020-03-11 09:32:42', 1, 1),
(17, 1, 1, 1, '2020-03-11 09:33:06', 1, 1),
(18, 1, 1, 1, '2020-03-11 09:35:32', 1, 1),
(19, 6, 1, 1, '2020-03-11 09:35:44', 6, 1),
(20, 1, 1, 1, '2020-03-11 09:36:13', 1, 1),
(21, 1, 1, 1, '2020-03-11 09:37:15', 1, 1),
(22, 1, 1, 1, '2020-03-11 09:37:18', 1, 1),
(23, 1, 1, 1, '2020-03-11 09:37:22', 1, 1),
(24, 1, 1, 1, '2020-03-11 09:38:17', 1, 1),
(25, 1, 1, 1, '2020-03-11 09:38:21', 1, 1),
(26, 1, 1, 1, '2020-03-11 09:40:10', 1, 1),
(27, 1, 1, 1, '2020-03-11 09:40:16', 1, 1),
(28, 1, 1, 1, '2020-03-11 09:42:32', 1, 1),
(29, 1, 1, 1, '2020-03-11 09:42:49', 1, 1),
(30, 1, 1, 1, '2020-03-11 09:47:21', 1, 1),
(31, 1, 1, 1, '2020-03-11 09:48:13', 1, 1),
(32, 1, 1, 1, '2020-03-11 09:48:24', 1, 1),
(33, 1, 1, 1, '2020-03-11 09:48:39', 1, 1),
(34, 1, 1, 1, '2020-03-11 09:50:35', 1, 1),
(35, 1, 1, 1, '2020-03-11 09:50:44', 1, 1),
(36, 1, 1, 1, '2020-03-11 10:02:50', 1, 1),
(37, 1, 1, 1, '2020-03-11 10:02:51', 1, 1),
(38, 1, 1, 1, '2020-03-11 10:02:52', 1, 1),
(39, 1, 1, 1, '2020-03-11 10:02:52', 1, 1),
(40, 1, 1, 1, '2020-03-11 10:03:07', 1, 1),
(41, 1, 1, 1, '2020-03-11 10:03:31', 1, 1),
(42, 1, 1, 1, '2020-03-11 10:04:47', 1, 1),
(43, 1, 1, 1, '2020-03-11 10:05:03', 1, 1),
(44, 1, 1, 1, '2020-03-11 10:05:33', 1, 1),
(45, 1, 1, 1, '2020-03-11 10:08:04', 1, 1),
(46, 1, 1, 1, '2020-03-11 10:10:01', 1, 1),
(47, 1, 1, 1, '2020-03-11 10:11:20', 1, 1),
(48, 1, 1, 1, '2020-03-11 10:11:37', 1, 1),
(49, 1, 1, 1, '2020-03-11 10:11:40', 1, 1),
(50, 1, 1, 1, '2020-03-11 10:13:49', 1, 1),
(51, 1, 1, 1, '2020-03-11 10:14:17', 1, 1),
(52, 1, 1, 1, '2020-03-11 10:14:24', 1, 1),
(53, 1, 1, 1, '2020-03-11 10:16:37', 1, 1),
(54, 1, 1, 1, '2020-03-11 10:18:38', 1, 1),
(55, 1, 1, 1, '2020-03-11 10:18:53', 1, 1),
(56, 1, 1, 1, '2020-03-11 10:20:38', 1, 1),
(57, 1, 1, 1, '2020-03-11 10:21:23', 1, 1),
(58, 1, 1, 1, '2020-03-11 10:24:31', 1, 1),
(59, 1, 1, 1, '2020-03-11 10:25:08', 1, 1),
(60, 1, 1, 1, '2020-03-11 10:25:37', 1, 1),
(61, 1, 1, 1, '2020-03-11 10:26:23', 1, 1),
(62, 1, 1, 1, '2020-03-11 10:28:27', 1, 1),
(63, 1, 1, 1, '2020-03-11 10:28:43', 1, 1),
(64, 1, 1, 1, '2020-03-11 10:28:55', 1, 1),
(65, 1, 1, 1, '2020-03-11 10:29:22', 1, 1),
(66, 1, 1, 1, '2020-03-11 10:29:51', 1, 1),
(67, 1, 1, 1, '2020-03-11 10:30:13', 1, 1),
(68, 1, 1, 1, '2020-03-11 10:30:27', 1, 1),
(69, 1, 1, 1, '2020-03-11 10:31:44', 1, 1),
(70, 1, 1, 1, '2020-03-11 10:32:14', 1, 1),
(71, 1, 1, 1, '2020-03-11 10:33:46', 1, 1),
(72, 1, 1, 1, '2020-03-11 10:34:47', 1, 1),
(73, 1, 1, 1, '2020-03-11 10:35:15', 1, 1),
(74, 1, 1, 1, '2020-03-11 10:35:54', 1, 1),
(75, 1, 1, 1, '2020-03-11 10:36:41', 1, 1),
(76, 1, 1, 1, '2020-03-11 10:37:32', 1, 1),
(77, 1, 1, 1, '2020-03-11 10:38:43', 1, 1),
(78, 1, 1, 1, '2020-03-11 10:38:57', 1, 1),
(79, 1, 1, 1, '2020-03-11 10:40:00', 1, 1),
(80, 1, 1, 1, '2020-03-11 10:40:36', 1, 1),
(81, 1, 1, 1, '2020-03-11 10:40:51', 1, 1),
(82, 1, 1, 1, '2020-03-11 10:44:08', 1, 1),
(83, 1, 1, 1, '2020-03-11 10:44:41', 1, 1),
(84, 1, 1, 1, '2020-03-11 10:44:57', 1, 1),
(85, 1, 1, 1, '2020-03-11 10:45:18', 1, 1),
(86, 1, 1, 1, '2020-03-11 10:45:20', 1, 1),
(87, 1, 1, 1, '2020-03-11 10:45:51', 1, 1),
(88, 1, 1, 1, '2020-03-11 10:46:13', 1, 1),
(89, 1, 1, 1, '2020-03-11 10:46:56', 1, 1),
(90, 1, 1, 1, '2020-03-11 10:48:44', 1, 1),
(91, 1, 1, 1, '2020-03-11 10:49:10', 1, 1),
(92, 1, 1, 1, '2020-03-11 10:49:28', 1, 1),
(93, 1, 1, 1, '2020-03-11 10:49:42', 1, 1),
(94, 1, 1, 1, '2020-03-11 10:50:54', 1, 1),
(95, 1, 1, 1, '2020-03-11 10:52:46', 1, 1),
(96, 1, 1, 1, '2020-03-11 10:53:23', 1, 1),
(97, 1, 1, 1, '2020-03-11 10:55:55', 1, 1),
(98, 1, 1, 1, '2020-03-11 10:56:02', 1, 1),
(99, 1, 1, 1, '2020-03-11 10:57:04', 1, 1),
(100, 1, 1, 1, '2020-03-11 10:57:45', 1, 1),
(101, 1, 1, 1, '2020-03-11 10:58:19', 1, 1),
(102, 1, 1, 1, '2020-03-11 10:59:23', 1, 1),
(103, 1, 1, 1, '2020-03-11 11:01:53', 1, 1),
(104, 1, 1, 1, '2020-03-11 11:02:13', 1, 1),
(105, 1, 1, 1, '2020-03-11 11:02:30', 1, 1),
(106, 1, 1, 1, '2020-03-11 11:06:21', 1, 1),
(107, 1, 1, 1, '2020-03-11 11:06:40', 1, 1),
(108, 1, 1, 1, '2020-03-11 11:06:53', 1, 1),
(109, 1, 1, 1, '2020-03-11 11:07:02', 1, 1),
(110, 1, 1, 1, '2020-03-11 11:07:44', 1, 1),
(111, 1, 1, 1, '2020-03-11 11:11:42', 1, 1),
(112, 1, 1, 1, '2020-03-11 11:14:11', 1, 1),
(113, 1, 1, 1, '2020-03-11 11:14:42', 1, 1),
(114, 1, 1, 1, '2020-03-11 11:16:00', 1, 1),
(115, 1, 1, 1, '2020-03-11 11:16:04', 1, 1),
(116, 1, 1, 1, '2020-03-11 11:16:10', 1, 1),
(117, 1, 1, 1, '2020-03-11 11:17:23', 1, 1),
(118, 1, 1, 1, '2020-03-11 11:19:10', 1, 1),
(119, 1, 1, 1, '2020-03-11 11:20:23', 1, 1),
(120, 1, 1, 1, '2020-03-11 11:21:28', 1, 1),
(121, 1, 1, 1, '2020-03-11 11:21:46', 1, 1),
(122, 1, 1, 1, '2020-03-11 11:25:13', 1, 1),
(123, 1, 1, 1, '2020-03-11 11:25:49', 1, 1),
(124, 1, 1, 1, '2020-03-11 11:29:30', 1, 1),
(125, 1, 1, 1, '2020-03-11 11:29:37', 1, 1),
(126, 1, 1, 1, '2020-03-11 11:30:10', 1, 1),
(127, 1, 1, 1, '2020-03-11 11:35:43', 1, 1),
(128, 1, 1, 1, '2020-03-11 11:37:16', 1, 1),
(129, 1, 1, 1, '2020-03-11 11:39:26', 1, 1),
(130, 1, 1, 1, '2020-03-11 11:39:34', 1, 1),
(131, 1, 1, 1, '2020-03-11 11:39:55', 1, 1),
(132, 1, 1, 1, '2020-03-11 11:40:20', 1, 1),
(133, 1, 1, 1, '2020-03-11 11:40:48', 1, 1),
(134, 1, 1, 1, '2020-03-11 11:41:50', 1, 1),
(135, 1, 1, 1, '2020-03-11 11:42:06', 1, 1),
(136, 1, 1, 1, '2020-03-11 11:47:43', 1, 1),
(137, 1, 1, 1, '2020-03-11 11:48:14', 1, 1),
(138, 1, 1, 1, '2020-03-11 11:48:34', 1, 1),
(139, 1, 1, 1, '2020-03-11 11:50:24', 1, 1),
(140, 1, 1, 1, '2020-03-11 11:56:47', 1, 1),
(141, 1, 1, 1, '2020-03-11 11:58:01', 1, 1),
(142, 1, 1, 1, '2020-03-11 11:58:21', 1, 1),
(143, 1, 1, 1, '2020-03-11 11:58:22', 1, 1),
(144, 1, 1, 1, '2020-03-11 12:10:31', 1, 1),
(145, 1, 1, 1, '2020-03-11 12:10:59', 1, 1),
(146, 1, 1, 1, '2020-03-11 12:26:38', 1, 1),
(147, 1, 1, 1, '2020-03-11 12:34:52', 1, 1),
(148, 6, 1, 1, '2020-03-11 12:59:19', 6, 1),
(149, 1, 1, 1, '2020-03-12 04:30:56', 1, 1),
(150, 1, 1, 1, '2020-03-12 04:31:45', 1, 1),
(151, 1, 1, 1, '2020-03-12 05:02:02', 1, 1),
(152, 1, 1, 1, '2020-03-12 05:14:18', 1, 1),
(153, 1, 1, 1, '2020-03-12 05:15:24', 1, 1),
(154, 1, 1, 1, '2020-03-12 05:16:24', 1, 1),
(155, 1, 1, 1, '2020-03-12 05:16:31', 1, 1),
(156, 1, 1, 1, '2020-03-12 05:17:27', 1, 1),
(157, 1, 1, 1, '2020-03-12 05:18:51', 1, 1),
(158, 1, 1, 1, '2020-03-12 05:21:15', 1, 1),
(159, 1, 1, 1, '2020-03-12 05:23:11', 1, 1),
(160, 1, 1, 1, '2020-03-12 05:25:24', 1, 1),
(161, 1, 1, 1, '2020-03-12 05:33:22', 1, 1),
(162, 1, 1, 1, '2020-03-12 05:34:35', 1, 1),
(163, 1, 1, 1, '2020-03-12 05:45:39', 1, 1),
(164, 1, 1, 1, '2020-03-12 05:47:54', 1, 1),
(165, 1, 1, 1, '2020-03-12 05:49:36', 1, 1),
(166, 1, 1, 1, '2020-03-12 05:50:42', 1, 1),
(167, 1, 1, 1, '2020-03-12 06:11:22', 1, 1),
(168, 1, 1, 1, '2020-03-12 06:11:37', 1, 1),
(169, 1, 1, 1, '2020-03-12 06:13:05', 1, 1),
(170, 1, 1, 1, '2020-03-12 06:14:53', 1, 1),
(171, 1, 1, 1, '2020-03-12 06:28:41', 1, 1),
(172, 1, 1, 1, '2020-03-12 06:34:06', 1, 1),
(173, 1, 1, 1, '2020-03-12 06:41:42', 1, 1),
(174, 1, 1, 1, '2020-03-12 06:45:42', 1, 1),
(175, 1, 1, 1, '2020-03-12 06:46:35', 1, 1),
(176, 1, 1, 1, '2020-03-12 06:48:39', 1, 1),
(177, 1, 1, 1, '2020-03-12 06:51:52', 1, 1),
(178, 1, 1, 1, '2020-03-12 06:55:17', 1, 1),
(179, 1, 1, 1, '2020-03-12 06:56:02', 1, 1),
(180, 1, 1, 1, '2020-03-12 06:59:25', 1, 1),
(181, 1, 1, 1, '2020-03-12 06:59:55', 1, 1),
(182, 1, 1, 1, '2020-03-12 07:02:16', 1, 1),
(183, 1, 1, 1, '2020-03-12 07:04:52', 1, 1),
(184, 1, 1, 1, '2020-03-12 07:12:30', 1, 1),
(185, 6, 1, 1, '2020-03-12 09:16:42', 6, 1),
(186, 6, 1, 1, '2020-03-12 09:18:05', 6, 1),
(187, 6, 1, 1, '2020-03-12 09:23:29', 6, 1),
(188, 1, 1, 1, '2020-03-12 09:52:26', 1, 1),
(189, 1, 1, 1, '2020-03-12 09:54:39', 1, 1),
(190, 1, 1, 1, '2020-03-12 10:13:41', 1, 1),
(191, 1, 1, 1, '2020-03-12 10:13:41', 1, 1),
(192, 1, 1, 1, '2020-03-12 10:13:58', 1, 1),
(193, 1, 1, 1, '2020-03-12 10:15:18', 1, 1),
(194, 1, 1, 1, '2020-03-12 10:16:54', 1, 1),
(195, 1, 1, 1, '2020-03-12 10:18:53', 1, 1),
(196, 1, 1, 1, '2020-03-12 10:19:25', 1, 1),
(197, 1, 1, 1, '2020-03-12 10:23:02', 1, 1),
(198, 1, 1, 1, '2020-03-12 10:24:19', 1, 1),
(199, 1, 1, 1, '2020-03-12 10:24:37', 1, 1),
(200, 1, 1, 1, '2020-03-12 10:26:01', 1, 1),
(201, 1, 1, 1, '2020-03-12 10:26:22', 1, 1),
(202, 1, 1, 1, '2020-03-12 10:27:36', 1, 1),
(203, 1, 1, 1, '2020-03-12 10:27:49', 1, 1),
(204, 1, 1, 1, '2020-03-12 10:29:46', 1, 1),
(205, 1, 1, 1, '2020-03-12 10:40:53', 1, 1),
(206, 1, 1, 1, '2020-03-12 10:49:11', 1, 1),
(207, 1, 1, 1, '2020-03-12 10:50:03', 1, 1),
(208, 1, 1, 1, '2020-03-12 10:51:55', 1, 1),
(209, 1, 1, 1, '2020-03-12 10:57:53', 1, 1),
(210, 1, 1, 1, '2020-03-12 11:00:07', 1, 1),
(211, 1, 1, 1, '2020-03-12 11:15:10', 1, 1),
(212, 1, 1, 1, '2020-03-12 11:17:42', 1, 1),
(213, 1, 1, 1, '2020-03-12 11:19:35', 1, 1),
(214, 1, 1, 1, '2020-03-12 11:20:37', 1, 1),
(215, 1, 1, 1, '2020-03-12 11:22:25', 1, 1),
(216, 1, 1, 1, '2020-03-12 11:23:45', 1, 1),
(217, 1, 1, 1, '2020-03-12 11:40:37', 1, 1),
(218, 1, 1, 1, '2020-03-12 11:47:21', 1, 1),
(219, 1, 1, 1, '2020-03-12 11:51:26', 1, 1),
(220, 1, 1, 1, '2020-03-12 11:52:42', 1, 1),
(221, 5, 1, 1, '2020-03-12 11:56:20', 5, 1),
(222, 1, 1, 1, '2020-03-12 12:03:00', 1, 1),
(223, 1, 1, 1, '2020-03-12 12:04:11', 1, 1),
(224, 1, 1, 1, '2020-03-12 12:14:03', 1, 1),
(225, 1, 1, 1, '2020-03-12 12:16:41', 1, 1),
(226, 1, 1, 1, '2020-03-12 12:19:58', 1, 1),
(227, 1, 1, 1, '2020-03-12 12:22:10', 1, 1),
(228, 1, 1, 1, '2020-03-12 12:23:22', 1, 1),
(229, 1, 1, 1, '2020-03-12 12:25:55', 1, 1),
(230, 1, 1, 1, '2020-03-12 12:30:23', 1, 1),
(231, 1, 1, 1, '2020-03-12 12:33:27', 1, 1),
(232, 1, 1, 1, '2020-03-12 12:34:56', 1, 1),
(233, 1, 1, 1, '2020-03-12 12:35:57', 1, 1),
(234, 1, 1, 1, '2020-03-12 12:38:07', 1, 1),
(235, 1, 1, 1, '2020-03-12 12:39:03', 1, 1),
(236, 1, 1, 1, '2020-03-12 12:50:47', 1, 1),
(237, 1, 1, 1, '2020-03-12 12:52:27', 1, 1),
(238, 1, 1, 1, '2020-03-12 12:53:32', 1, 1),
(239, 1, 1, 1, '2020-03-12 12:57:09', 1, 1),
(240, 1, 1, 1, '2020-03-12 12:58:08', 1, 1),
(241, 1, 1, 1, '2020-03-12 13:00:45', 1, 1),
(242, 1, 1, 1, '2020-03-13 04:32:18', 1, 1),
(243, 1, 1, 1, '2020-03-13 05:08:41', 1, 1),
(244, 1, 1, 1, '2020-03-13 05:09:54', 1, 1),
(245, 1, 1, 1, '2020-03-13 05:11:06', 1, 1),
(246, 6, 1, 1, '2020-03-13 05:50:22', 6, 1),
(247, 6, 1, 1, '2020-03-13 05:53:26', 6, 1),
(248, 6, 1, 1, '2020-03-13 05:54:33', 6, 1),
(249, 1, 1, 1, '2020-03-13 05:57:37', 1, 1),
(250, 1, 1, 1, '2020-03-13 05:58:02', 1, 1),
(251, 1, 1, 1, '2020-03-13 06:00:48', 1, 1),
(252, 6, 1, 1, '2020-03-13 06:06:40', 6, 1),
(253, 6, 1, 1, '2020-03-13 06:07:09', 6, 1),
(254, 6, 1, 1, '2020-03-13 06:07:48', 6, 1),
(255, 6, 1, 1, '2020-03-13 06:19:17', 6, 1),
(256, 6, 1, 1, '2020-03-13 06:19:25', 6, 1),
(257, 6, 1, 1, '2020-03-13 06:19:43', 6, 1),
(258, 6, 1, 1, '2020-03-13 06:20:21', 6, 1),
(259, 6, 1, 1, '2020-03-13 06:21:31', 6, 1),
(260, 6, 1, 1, '2020-03-13 06:22:33', 6, 1),
(261, 6, 1, 1, '2020-03-13 06:24:03', 6, 1),
(262, 6, 1, 1, '2020-03-13 06:25:41', 6, 1),
(263, 6, 1, 1, '2020-03-13 06:26:29', 6, 1),
(264, 6, 1, 1, '2020-03-13 06:43:39', 6, 1),
(265, 6, 1, 1, '2020-03-13 06:59:44', 6, 1),
(266, 6, 1, 1, '2020-03-13 07:00:33', 6, 1),
(267, 6, 1, 1, '2020-03-13 07:01:01', 6, 1),
(268, 6, 1, 1, '2020-03-13 07:02:05', 6, 1),
(269, 6, 1, 1, '2020-03-13 07:03:01', 6, 1),
(270, 6, 1, 1, '2020-03-13 07:04:13', 6, 1),
(271, 6, 1, 1, '2020-03-13 07:07:31', 6, 1),
(272, 6, 1, 1, '2020-03-13 07:13:03', 6, 1),
(273, 6, 1, 1, '2020-03-13 07:17:05', 6, 1),
(274, 6, 1, 1, '2020-03-13 07:18:05', 6, 1),
(275, 6, 1, 1, '2020-03-13 07:19:46', 6, 1),
(276, 6, 1, 1, '2020-03-13 07:20:40', 6, 1),
(277, 6, 1, 1, '2020-03-13 07:21:48', 6, 1),
(278, 6, 1, 1, '2020-03-13 07:22:45', 6, 1),
(279, 6, 1, 1, '2020-03-13 07:42:09', 6, 1),
(280, 6, 1, 1, '2020-03-13 07:43:40', 6, 1),
(281, 6, 1, 1, '2020-03-13 07:47:05', 6, 1),
(282, 6, 1, 1, '2020-03-13 09:02:08', 6, 1),
(283, 6, 1, 1, '2020-03-13 09:02:44', 6, 1),
(284, 6, 1, 1, '2020-03-13 09:03:19', 6, 1),
(285, 6, 1, 1, '2020-03-13 09:06:46', 6, 1),
(286, 1, 1, 1, '2020-03-13 09:07:14', 1, 1),
(287, 1, 1, 1, '2020-03-13 09:08:19', 1, 1),
(288, 1, 1, 1, '2020-03-13 09:08:41', 1, 1),
(289, 1, 1, 1, '2020-03-13 09:09:19', 1, 1),
(290, 1, 1, 1, '2020-03-13 09:09:49', 1, 1),
(291, 1, 1, 1, '2020-03-13 09:10:20', 1, 1),
(292, 1, 1, 1, '2020-03-13 09:11:05', 1, 1),
(293, 1, 1, 1, '2020-03-13 09:11:14', 1, 1),
(294, 1, 1, 1, '2020-03-13 09:11:47', 1, 1),
(295, 6, 1, 1, '2020-03-13 09:12:00', 6, 1),
(296, 6, 1, 1, '2020-03-13 09:12:21', 6, 1),
(297, 1, 1, 1, '2020-03-13 09:27:44', 1, 1),
(298, 1, 1, 1, '2020-03-13 09:28:02', 1, 1),
(299, 1, 1, 1, '2020-03-13 09:38:32', 1, 1),
(300, 1, 1, 1, '2020-03-13 09:39:44', 1, 1),
(301, 1, 1, 1, '2020-03-13 09:41:01', 1, 1),
(302, 1, 1, 1, '2020-03-13 09:42:22', 1, 1),
(303, 1, 1, 1, '2020-03-13 09:47:30', 1, 1),
(304, 1, 1, 1, '2020-03-13 09:48:19', 1, 1),
(305, 1, 1, 1, '2020-03-13 09:51:02', 1, 1),
(306, 1, 1, 1, '2020-03-13 09:53:58', 1, 1),
(307, 6, 1, 1, '2020-03-13 10:01:01', 6, 1),
(308, 1, 1, 1, '2020-03-13 10:12:20', 1, 1),
(309, 1, 1, 1, '2020-03-13 10:14:41', 1, 1),
(310, 6, 1, 1, '2020-03-13 10:15:26', 6, 1),
(311, 6, 1, 1, '2020-03-13 10:16:12', 6, 1),
(312, 1, 1, 1, '2020-03-13 10:23:30', 1, 1),
(313, 1, 1, 1, '2020-03-13 10:29:44', 1, 1),
(314, 1, 1, 1, '2020-03-13 10:32:35', 1, 1),
(315, 1, 1, 1, '2020-03-13 10:36:35', 1, 1),
(316, 1, 1, 1, '2020-03-13 11:13:12', 1, 1),
(317, 1, 1, 1, '2020-03-13 11:24:00', 1, 1),
(318, 6, 1, 1, '2020-03-13 11:25:07', 6, 1),
(319, 1, 1, 1, '2020-03-13 11:29:31', 1, 1),
(320, 1, 1, 1, '2020-03-13 11:33:54', 1, 1),
(321, 6, 1, 1, '2020-03-13 11:38:33', 6, 1),
(322, 6, 1, 1, '2020-03-13 13:02:29', 6, 1),
(323, 6, 1, 1, '2020-03-13 13:02:35', 6, 1),
(324, 6, 1, 1, '2020-03-13 13:02:54', 6, 1),
(325, 6, 1, 1, '2020-03-13 13:02:59', 6, 1),
(326, 1, 1, 1, '2020-03-13 13:12:30', 1, 1),
(327, 1, 1, 1, '2020-03-16 05:04:26', 1, 1),
(328, 1, 1, 1, '2020-03-16 05:07:42', 1, 1),
(329, 1, 1, 1, '2020-03-16 05:08:46', 1, 1),
(330, 1, 1, 1, '2020-03-16 05:32:53', 1, 1),
(331, 1, 1, 1, '2020-03-16 05:37:54', 1, 1),
(332, 1, 1, 1, '2020-03-16 05:37:58', 1, 1),
(333, 1, 1, 1, '2020-03-16 05:39:40', 1, 1),
(334, 1, 1, 1, '2020-03-16 05:46:55', 1, 1),
(335, 1, 1, 1, '2020-03-16 05:47:06', 1, 1),
(336, 1, 1, 1, '2020-03-16 05:50:19', 1, 1),
(337, 1, 1, 1, '2020-03-16 05:50:24', 1, 1),
(338, 1, 1, 1, '2020-03-16 05:55:21', 1, 1),
(339, 1, 1, 1, '2020-03-16 05:55:26', 1, 1),
(340, 1, 1, 1, '2020-03-16 05:57:17', 1, 1),
(341, 1, 1, 1, '2020-03-16 05:58:17', 1, 1),
(342, 1, 1, 1, '2020-03-16 05:58:23', 1, 1),
(343, 10, 8, 2, '2020-03-16 06:25:57', 2, 1),
(344, 11, 8, 2, '2020-03-16 06:26:49', 2, 1),
(345, 12, 8, 2, '2020-03-16 06:31:35', 2, 1),
(346, 13, 8, 2, '2020-03-16 06:33:59', 2, 1),
(347, 1, 1, 1, '2020-03-16 06:35:44', 1, 1),
(348, 1, 1, 1, '2020-03-16 06:36:03', 1, 1),
(349, 1, 1, 1, '2020-03-16 06:36:06', 1, 1),
(350, 1, 1, 1, '2020-03-16 06:36:24', 1, 1),
(351, 1, 1, 1, '2020-03-16 06:37:13', 1, 1),
(352, 1, 1, 1, '2020-03-16 06:37:16', 1, 1),
(353, 1, 1, 1, '2020-03-16 06:37:32', 1, 1),
(354, 1, 1, 1, '2020-03-16 06:53:31', 1, 1),
(355, 1, 1, 1, '2020-03-16 07:13:42', 1, 1),
(356, 1, 1, 1, '2020-03-16 07:16:37', 1, 1),
(357, 1, 1, 1, '2020-03-16 07:16:43', 1, 1),
(358, 1, 1, 1, '2020-03-16 07:16:46', 1, 1),
(359, 1, 1, 1, '2020-03-16 07:18:57', 1, 1),
(360, 1, 1, 1, '2020-03-16 07:19:06', 1, 1),
(361, 1, 1, 1, '2020-03-16 07:19:29', 1, 1),
(362, 1, 1, 1, '2020-03-16 07:20:38', 1, 1),
(363, 1, 1, 1, '2020-03-16 07:21:43', 1, 1),
(364, 1, 1, 1, '2020-03-16 07:24:41', 1, 1),
(365, 1, 1, 1, '2020-03-16 07:35:05', 1, 1),
(366, 1, 1, 1, '2020-03-16 07:39:26', 1, 1),
(367, 1, 1, 1, '2020-03-16 08:47:45', 1, 1),
(368, 6, 1, 1, '2020-03-16 08:56:56', 6, 1),
(369, 6, 1, 1, '2020-03-16 09:03:57', 6, 1),
(370, 6, 1, 1, '2020-03-16 09:07:29', 6, 1),
(371, 6, 1, 1, '2020-03-16 09:52:51', 6, 1),
(372, 6, 1, 1, '2020-03-16 09:57:43', 6, 1),
(373, 6, 1, 1, '2020-03-16 10:00:53', 6, 1),
(374, 6, 1, 1, '2020-03-16 10:01:22', 6, 1),
(375, 12, 8, 3, '2020-03-16 10:54:01', 2, 1),
(376, 12, 8, 3, '2020-03-16 10:54:08', 2, 1),
(377, 1, 1, 1, '2020-03-16 11:02:22', 1, 1),
(378, 6, 1, 1, '2020-03-16 11:20:13', 6, 1),
(379, 6, 1, 1, '2020-03-16 11:21:28', 6, 1),
(380, 10, 8, 3, '2020-03-16 11:22:03', 2, 1),
(381, 6, 1, 1, '2020-03-16 11:34:59', 6, 1),
(382, 6, 1, 1, '2020-03-16 11:40:22', 6, 1),
(383, 6, 1, 1, '2020-03-16 11:41:25', 6, 1),
(384, 4, 8, 3, '2020-03-16 11:41:48', 2, 1),
(385, 2, 8, 3, '2020-03-16 11:42:09', 2, 1),
(386, 6, 1, 1, '2020-03-16 11:44:14', 6, 1),
(387, 1, 1, 1, '2020-03-16 11:46:12', 1, 1),
(388, 6, 1, 1, '2020-03-16 11:46:41', 6, 1),
(389, 6, 1, 1, '2020-03-16 11:50:38', 6, 1),
(390, 6, 1, 1, '2020-03-16 11:52:40', 6, 1),
(391, 6, 1, 1, '2020-03-16 11:57:31', 6, 1),
(392, 6, 1, 1, '2020-03-16 12:02:05', 6, 1),
(393, 6, 1, 1, '2020-03-16 12:07:36', 6, 1),
(394, 6, 1, 1, '2020-03-16 12:08:47', 6, 1),
(395, 6, 1, 1, '2020-03-16 12:11:03', 6, 1),
(396, 6, 1, 1, '2020-03-16 12:14:55', 6, 1),
(397, 6, 1, 1, '2020-03-16 12:16:06', 6, 1),
(398, 5, 9, 2, '2020-03-16 12:17:20', 2, 1),
(399, 6, 1, 1, '2020-03-16 12:21:07', 6, 1),
(400, 5, 9, 3, '2020-03-16 12:23:03', 2, 1),
(401, 6, 9, 2, '2020-03-16 12:23:17', 2, 1),
(402, 6, 1, 1, '2020-03-16 12:24:27', 6, 1),
(403, 5, 9, 4, '2020-03-16 12:25:25', 2, 1),
(404, 6, 9, 3, '2020-03-16 12:25:38', 2, 1),
(405, 6, 9, 4, '2020-03-16 12:25:46', 2, 1),
(406, 6, 1, 1, '2020-03-16 12:26:12', 6, 1),
(407, 6, 1, 1, '2020-03-16 12:27:27', 6, 1),
(408, 1, 1, 1, '2020-03-16 12:32:15', 1, 1),
(409, 6, 1, 1, '2020-03-16 12:32:19', 6, 1),
(410, 6, 1, 1, '2020-03-16 12:34:39', 6, 1),
(411, 6, 1, 1, '2020-03-16 12:35:43', 6, 1),
(412, 6, 1, 1, '2020-03-16 12:36:38', 6, 1),
(413, 6, 1, 1, '2020-03-16 12:38:12', 6, 1),
(414, 6, 1, 1, '2020-03-16 12:40:04', 6, 1),
(415, 6, 1, 1, '2020-03-16 12:41:10', 6, 1),
(416, 6, 1, 1, '2020-03-16 12:45:56', 6, 1),
(417, 7, 2, 2, '2020-03-16 12:46:21', 2, 1),
(418, 6, 1, 1, '2020-03-16 12:48:12', 6, 1),
(419, 6, 1, 1, '2020-03-16 12:49:17', 6, 1),
(420, 7, 2, 3, '2020-03-16 12:50:22', 2, 1),
(421, 7, 2, 4, '2020-03-16 12:52:28', 2, 1),
(422, 7, 2, 4, '2020-03-16 12:52:49', 2, 1),
(423, 6, 1, 1, '2020-03-16 12:53:39', 6, 1),
(424, 6, 1, 1, '2020-03-16 12:57:13', 6, 1),
(425, 6, 1, 1, '2020-03-17 04:38:51', 6, 1),
(426, 6, 1, 1, '2020-03-17 04:40:51', 6, 1),
(427, 6, 1, 1, '2020-03-17 04:42:07', 6, 1),
(428, 6, 1, 1, '2020-03-17 04:43:42', 6, 1),
(429, 6, 1, 1, '2020-03-17 04:44:30', 6, 1),
(430, 6, 1, 1, '2020-03-17 04:46:00', 6, 1),
(431, 6, 1, 1, '2020-03-17 04:52:08', 6, 1),
(432, 6, 1, 1, '2020-03-17 04:54:02', 6, 1),
(433, 6, 1, 1, '2020-03-17 04:59:38', 6, 1),
(434, 6, 1, 1, '2020-03-17 05:01:40', 6, 1),
(435, 6, 1, 1, '2020-03-17 05:04:38', 6, 1),
(436, 6, 1, 1, '2020-03-17 05:05:27', 6, 1),
(437, 1, 1, 1, '2020-03-17 05:15:05', 1, 1),
(438, 6, 1, 1, '2020-03-17 05:46:55', 6, 1),
(439, 6, 1, 1, '2020-03-17 05:48:20', 6, 1),
(440, 6, 1, 1, '2020-03-17 05:50:35', 6, 1),
(441, 6, 1, 1, '2020-03-17 05:51:21', 6, 1),
(442, 6, 1, 1, '2020-03-17 05:54:21', 6, 1),
(443, 6, 1, 1, '2020-03-17 06:00:14', 6, 1),
(444, 6, 1, 1, '2020-03-17 06:10:09', 6, 1),
(445, 6, 1, 1, '2020-03-17 06:12:02', 6, 1),
(446, 6, 1, 1, '2020-03-17 06:13:26', 6, 1),
(447, 6, 1, 1, '2020-03-17 06:24:34', 6, 1),
(448, 6, 1, 1, '2020-03-17 06:44:59', 6, 1),
(449, 6, 1, 1, '2020-03-17 06:51:33', 6, 1),
(450, 6, 1, 1, '2020-03-17 06:58:07', 6, 1),
(451, 6, 1, 1, '2020-03-17 06:59:43', 6, 1),
(452, 6, 1, 1, '2020-03-17 06:59:52', 6, 1),
(453, 6, 1, 1, '2020-03-17 07:01:51', 6, 1),
(454, 6, 1, 1, '2020-03-17 07:02:55', 6, 1),
(455, 6, 1, 1, '2020-03-17 07:13:41', 6, 1),
(456, 6, 1, 1, '2020-03-17 07:23:23', 6, 1),
(457, 6, 1, 1, '2020-03-17 07:30:36', 6, 1),
(458, 6, 1, 1, '2020-03-17 07:32:24', 6, 1),
(459, 6, 1, 1, '2020-03-17 09:08:39', 6, 1),
(460, 6, 1, 1, '2020-03-17 09:47:51', 6, 1),
(461, 6, 1, 1, '2020-03-17 09:52:57', 6, 1),
(462, 6, 1, 1, '2020-03-17 09:53:28', 6, 1),
(463, 6, 1, 1, '2020-03-17 10:04:20', 6, 1),
(464, 6, 1, 1, '2020-03-17 10:16:31', 6, 1),
(465, 6, 1, 1, '2020-03-17 10:17:42', 6, 1),
(466, 6, 1, 1, '2020-03-17 10:46:35', 6, 1),
(467, 6, 1, 1, '2020-03-17 11:53:52', 6, 1),
(468, 6, 1, 1, '2020-03-17 11:59:41', 6, 1),
(469, 6, 1, 1, '2020-03-17 12:08:08', 6, 1),
(470, 6, 1, 1, '2020-03-17 12:45:30', 6, 1),
(471, 6, 1, 1, '2020-03-18 04:48:25', 6, 1),
(472, 6, 1, 1, '2020-03-18 04:55:08', 6, 1),
(473, 6, 1, 1, '2020-03-18 05:15:22', 6, 1),
(474, 6, 1, 1, '2020-03-18 05:44:32', 6, 1),
(475, 6, 1, 1, '2020-03-18 05:45:02', 6, 1),
(476, 6, 1, 1, '2020-03-18 06:12:24', 6, 1),
(477, 6, 1, 1, '2020-03-18 07:20:24', 6, 1),
(478, 6, 1, 1, '2020-03-18 09:08:21', 6, 1),
(479, 6, 1, 1, '2020-03-18 09:08:48', 6, 1),
(480, 6, 1, 1, '2020-03-18 09:11:00', 6, 1),
(481, 6, 1, 1, '2020-03-18 09:13:45', 6, 1),
(482, 6, 1, 1, '2020-03-18 09:19:42', 6, 1),
(483, 6, 1, 1, '2020-03-18 09:26:51', 6, 1),
(484, 6, 1, 1, '2020-03-18 09:30:17', 6, 1),
(485, 6, 1, 1, '2020-03-18 09:39:17', 6, 1),
(486, 6, 1, 1, '2020-03-18 10:02:16', 6, 1),
(487, 6, 1, 1, '2020-03-18 10:02:28', 6, 1),
(488, 6, 1, 1, '2020-03-18 10:02:55', 6, 1),
(489, 6, 1, 1, '2020-03-18 10:04:06', 6, 1),
(490, 4, 11, 2, '2020-03-18 10:35:38', 2, 1),
(491, 1, 11, 3, '2020-03-18 11:48:20', 2, 1),
(492, 1, 11, 3, '2020-03-18 11:48:27', 2, 1),
(493, 1, 11, 3, '2020-03-18 11:48:35', 2, 1),
(494, 4, 11, 4, '2020-03-18 11:48:58', 2, 1),
(495, 1, 11, 3, '2020-03-18 12:51:09', 2, 1),
(496, 6, 1, 1, '2020-03-19 05:09:40', 6, 1),
(497, 6, 1, 1, '2020-03-19 05:13:17', 6, 1),
(498, 6, 1, 1, '2020-03-19 05:18:17', 6, 1),
(499, 6, 1, 1, '2020-03-19 05:21:16', 6, 1),
(500, 6, 1, 1, '2020-03-19 05:38:42', 6, 1),
(501, 6, 1, 1, '2020-03-19 06:40:59', 6, 1),
(502, 6, 1, 1, '2020-03-19 06:47:04', 6, 1),
(503, 6, 1, 1, '2020-03-19 06:49:16', 6, 1),
(504, 6, 1, 1, '2020-03-19 06:49:37', 6, 1),
(505, 6, 1, 1, '2020-03-19 07:06:44', 6, 1),
(506, 6, 1, 1, '2020-03-19 07:21:39', 6, 1),
(507, 10, 1, 2, '2020-03-19 07:40:02', 2, 1),
(508, 11, 1, 2, '2020-03-19 07:41:54', 2, 1),
(509, 12, 1, 2, '2020-03-19 07:44:30', 2, 1),
(510, 14, 1, 2, '2020-03-19 07:46:25', 2, 1),
(511, 15, 1, 2, '2020-03-19 07:47:48', 2, 1),
(512, 16, 1, 2, '2020-03-19 07:50:33', 2, 1),
(513, 17, 1, 2, '2020-03-19 07:52:31', 2, 1),
(514, 17, 12, 2, '2020-03-19 07:52:31', 2, 1),
(515, 18, 1, 2, '2020-03-19 07:54:39', 2, 1),
(516, 19, 1, 2, '2020-03-19 07:56:00', 2, 1),
(517, 19, 12, 2, '2020-03-19 07:56:00', 2, 1),
(518, 8, 13, 2, '2020-03-19 07:56:01', 2, 1),
(519, 1, 14, 2, '2020-03-19 07:56:01', 2, 1),
(520, 2, 14, 2, '2020-03-19 07:56:01', 2, 1),
(521, 3, 14, 2, '2020-03-19 07:56:01', 2, 1),
(522, 20, 1, 2, '2020-03-19 07:58:19', 2, 1),
(523, 20, 12, 2, '2020-03-19 07:58:19', 2, 1),
(524, 9, 13, 2, '2020-03-19 07:58:19', 2, 1),
(525, 1, 14, 2, '2020-03-19 07:58:19', 2, 1),
(526, 2, 14, 2, '2020-03-19 07:58:19', 2, 1),
(527, 6, 1, 1, '2020-03-19 08:52:52', 6, 1),
(528, 6, 1, 1, '2020-03-19 09:00:28', 6, 1),
(529, 6, 1, 1, '2020-03-19 09:25:06', 6, 1),
(530, 6, 1, 1, '2020-03-19 09:27:20', 6, 1),
(531, 6, 1, 1, '2020-03-19 09:28:16', 6, 1),
(532, 6, 1, 1, '2020-03-19 09:32:48', 6, 1),
(533, 6, 1, 1, '2020-03-19 09:42:59', 6, 1),
(534, 6, 1, 1, '2020-03-19 09:44:30', 6, 1),
(535, 6, 1, 1, '2020-03-19 09:46:45', 6, 1),
(536, 6, 1, 1, '2020-03-19 09:49:34', 6, 1),
(537, 6, 1, 1, '2020-03-19 09:50:27', 6, 1),
(538, 6, 1, 1, '2020-03-19 09:52:12', 6, 1),
(539, 6, 1, 1, '2020-03-19 09:57:45', 6, 1),
(540, 6, 1, 1, '2020-03-19 09:59:24', 6, 1),
(541, 6, 1, 1, '2020-03-19 10:01:12', 6, 1),
(542, 6, 1, 1, '2020-03-19 10:04:53', 6, 1),
(543, 6, 1, 1, '2020-03-19 10:05:53', 6, 1),
(544, 6, 1, 1, '2020-03-19 10:07:15', 6, 1),
(545, 6, 1, 1, '2020-03-19 10:10:13', 6, 1),
(546, 6, 1, 1, '2020-03-19 10:35:22', 6, 1),
(547, 21, 1, 2, '2020-03-19 10:38:11', 2, 1),
(548, 21, 12, 2, '2020-03-19 10:38:11', 2, 1),
(549, 10, 13, 2, '2020-03-19 10:38:11', 2, 1),
(550, 3, 14, 2, '2020-03-19 10:38:11', 2, 1),
(551, 6, 1, 1, '2020-03-19 11:25:19', 6, 1),
(552, 6, 1, 1, '2020-03-19 11:35:42', 6, 1),
(553, 6, 1, 1, '2020-03-19 11:36:47', 6, 1),
(554, 6, 1, 1, '2020-03-19 11:43:38', 6, 1),
(555, 6, 1, 1, '2020-03-19 11:48:22', 6, 1),
(556, 6, 1, 1, '2020-03-19 11:49:39', 6, 1),
(557, 6, 1, 1, '2020-03-19 11:51:36', 6, 1),
(558, 1, 31, 3, '2020-03-19 12:04:07', 2, 1),
(559, 2, 31, 3, '2020-03-19 12:05:15', 2, 1),
(560, 4, 31, 2, '2020-03-19 12:08:19', 2, 1),
(561, 5, 31, 2, '2020-03-19 12:09:04', 2, 1),
(562, 5, 31, 3, '2020-03-19 12:09:27', 2, 1),
(563, 6, 1, 1, '2020-03-19 12:10:04', 6, 1),
(564, 6, 1, 1, '2020-03-19 12:12:38', 6, 1),
(565, 6, 1, 1, '2020-03-19 12:13:39', 6, 1),
(566, 6, 1, 1, '2020-03-19 12:20:56', 6, 1),
(567, 6, 1, 1, '2020-03-19 12:21:45', 6, 1),
(568, 6, 1, 1, '2020-03-19 12:25:34', 6, 1),
(569, 6, 1, 1, '2020-03-19 12:27:29', 6, 1),
(570, 6, 1, 1, '2020-03-19 12:31:18', 6, 1),
(571, 6, 1, 1, '2020-03-19 12:32:58', 6, 1),
(572, 6, 1, 1, '2020-03-19 12:33:41', 6, 1),
(573, 6, 1, 1, '2020-03-19 12:35:34', 6, 1),
(574, 6, 1, 1, '2020-03-19 12:36:52', 6, 1),
(575, 6, 1, 1, '2020-03-19 12:39:15', 6, 1),
(576, 6, 1, 1, '2020-03-19 12:41:38', 6, 1),
(577, 6, 1, 1, '2020-03-19 12:45:54', 6, 1),
(578, 6, 1, 1, '2020-03-19 12:46:57', 6, 1),
(579, 6, 1, 1, '2020-03-19 12:48:14', 6, 1),
(580, 6, 1, 1, '2020-03-19 12:49:44', 6, 1),
(581, 6, 1, 1, '2020-03-19 12:51:39', 6, 1),
(582, 6, 1, 1, '2020-03-19 12:54:22', 6, 1),
(583, 6, 1, 1, '2020-03-19 12:56:37', 6, 1),
(584, 6, 1, 1, '2020-03-19 12:58:35', 6, 1),
(585, 5, 32, 2, '2020-03-20 04:39:24', 2, 1),
(586, 5, 32, 3, '2020-03-20 04:50:37', 2, 1),
(587, 5, 32, 3, '2020-03-20 04:51:04', 2, 1),
(588, 6, 32, 2, '2020-03-20 04:51:24', 2, 1),
(589, 6, 32, 4, '2020-03-20 04:51:53', 2, 1),
(590, 7, 32, 2, '2020-03-20 04:52:06', 2, 1),
(591, 7, 32, 4, '2020-03-20 04:52:13', 2, 1),
(592, 6, 1, 1, '2020-03-20 05:09:13', 6, 1),
(593, 6, 1, 1, '2020-03-20 05:09:13', 6, 1),
(594, 1, 33, 3, '2020-03-20 05:33:35', 2, 1),
(595, 1, 33, 3, '2020-03-20 05:34:19', 2, 1),
(596, 5, 33, 2, '2020-03-20 05:37:25', 2, 1),
(597, 3, 9, 3, '2020-03-20 05:44:34', 2, 1),
(598, 5, 8, 3, '2020-03-20 05:45:04', 2, 1),
(599, 3, 8, 3, '2020-03-20 05:45:22', 2, 1),
(600, 1, 31, 3, '2020-03-20 05:45:38', 2, 1),
(601, 4, 33, 3, '2020-03-20 05:46:23', 2, 1),
(602, 6, 1, 1, '2020-03-20 06:10:38', 6, 1),
(603, 6, 1, 1, '2020-03-20 06:31:32', 6, 1),
(604, 6, 1, 1, '2020-03-20 06:35:18', 6, 1),
(605, 35, 34, 2, '2020-03-20 06:39:34', 2, 1),
(606, 35, 34, 3, '2020-03-20 06:42:02', 2, 1),
(607, 36, 34, 2, '2020-03-20 06:42:12', 2, 1),
(608, 36, 34, 4, '2020-03-20 06:42:19', 2, 1),
(609, 6, 1, 1, '2020-03-20 06:46:28', 6, 1),
(610, 6, 1, 1, '2020-03-20 06:48:24', 6, 1),
(611, 1, 1, 1, '2020-03-20 06:52:12', 1, 1),
(612, 6, 1, 1, '2020-03-20 07:01:31', 6, 1),
(613, 6, 1, 1, '2020-03-20 07:01:51', 6, 1),
(614, 6, 1, 1, '2020-03-20 07:02:43', 6, 1),
(615, 6, 1, 1, '2020-03-20 07:02:46', 6, 1),
(616, 6, 1, 1, '2020-03-20 07:03:06', 6, 1),
(617, 6, 1, 1, '2020-03-20 07:05:49', 6, 1),
(618, 6, 1, 1, '2020-03-20 07:08:14', 6, 1),
(619, 6, 1, 1, '2020-03-20 07:11:53', 6, 1),
(620, 6, 1, 1, '2020-03-20 07:14:07', 6, 1),
(621, 6, 1, 1, '2020-03-20 07:28:12', 6, 1),
(622, 1, 37, 2, '2020-03-20 07:47:19', 2, 1),
(623, 2, 37, 2, '2020-03-20 07:47:28', 2, 1),
(624, 1, 37, 3, '2020-03-20 07:55:17', 2, 1),
(625, 2, 37, 3, '2020-03-20 07:55:41', 2, 1),
(626, 3, 37, 2, '2020-03-20 07:55:50', 2, 1),
(627, 3, 37, 4, '2020-03-20 07:55:57', 2, 1),
(628, 38, 34, 3, '2020-03-20 08:55:47', 2, 1),
(629, 38, 34, 3, '2020-03-20 08:59:43', 2, 1),
(630, 40, 34, 2, '2020-03-20 08:59:53', 2, 1),
(631, 41, 34, 2, '2020-03-20 09:02:04', 2, 1),
(632, 41, 34, 4, '2020-03-20 09:02:12', 2, 1),
(633, 39, 34, 3, '2020-03-20 09:03:34', 2, 1),
(634, 42, 34, 2, '2020-03-20 10:12:48', 2, 1),
(635, 6, 1, 1, '2020-03-20 10:22:30', 6, 1),
(636, 1, 1, 1, '2020-03-20 10:27:55', 1, 1),
(637, 42, 34, 3, '2020-03-20 10:29:53', 2, 1),
(638, 42, 34, 3, '2020-03-20 10:30:06', 2, 1),
(639, 42, 34, 4, '2020-03-20 10:30:48', 2, 1),
(640, 42, 34, 4, '2020-03-20 10:31:37', 2, 1),
(641, 6, 1, 1, '2020-03-20 10:32:04', 6, 1),
(642, 42, 34, 3, '2020-03-20 10:32:21', 2, 1),
(643, 41, 34, 3, '2020-03-20 10:36:09', 2, 1),
(644, 1, 1, 1, '2020-03-20 10:37:54', 1, 1),
(645, 1, 1, 1, '2020-03-20 10:47:32', 1, 1),
(646, 6, 1, 1, '2020-03-20 11:34:28', 6, 1),
(647, 6, 1, 1, '2020-03-20 11:41:27', 6, 1),
(648, 6, 1, 1, '2020-03-20 11:42:52', 6, 1),
(649, 6, 1, 1, '2020-03-20 11:45:52', 6, 1),
(650, 6, 1, 1, '2020-03-20 12:17:23', 6, 1),
(651, 6, 1, 1, '2020-03-20 12:54:30', 6, 1),
(652, 6, 1, 1, '2020-03-21 04:43:17', 6, 1),
(653, 6, 1, 1, '2020-03-21 05:02:09', 6, 1),
(654, 6, 1, 1, '2020-03-21 05:20:37', 6, 1),
(655, 6, 1, 1, '2020-03-21 06:14:42', 6, 1),
(656, 6, 1, 1, '2020-03-21 06:29:31', 6, 1),
(657, 12, 43, 2, '2020-03-21 10:07:11', 2, 1),
(658, 11, 43, 3, '2020-03-21 10:56:23', 2, 1),
(659, 11, 43, 3, '2020-03-21 10:57:32', 2, 1),
(660, 1, 43, 4, '2020-03-21 10:58:29', 2, 1),
(661, 2, 43, 4, '2020-03-21 10:58:39', 2, 1);

-- --------------------------------------------------------

--
-- Table structure for table `tbloperations`
--

CREATE TABLE `tbloperations` (
  `OperationId` int(11) NOT NULL,
  `OperationName` varchar(45) NOT NULL,
  `Status` tinyint(4) NOT NULL DEFAULT 1
) ENGINE=InnoDB DEFAULT CHARSET=utf8mb4;

--
-- Dumping data for table `tbloperations`
--

INSERT INTO `tbloperations` (`OperationId`, `OperationName`, `Status`) VALUES
(1, 'view', 1),
(2, 'create', 1),
(3, 'update', 1),
(4, 'delete', 1);

-- --------------------------------------------------------

--
-- Table structure for table `tblorganizations`
--

CREATE TABLE `tblorganizations` (
  `OrgId` int(11) NOT NULL,
  `OrgName` varchar(45) DEFAULT NULL,
  `OrgTypeId` int(11) NOT NULL,
  `Status` tinyint(4) DEFAULT 1
) ENGINE=InnoDB DEFAULT CHARSET=utf8mb4;

--
-- Dumping data for table `tblorganizations`
--

INSERT INTO `tblorganizations` (`OrgId`, `OrgName`, `OrgTypeId`, `Status`) VALUES
(3, 'Narayana Intitutes', 3, 1),
(4, 'srichaithanya educational institutes', 3, 1),
(20, 'care hospitals', 4, 1),
(21, 'abc test', 3, 1);

-- --------------------------------------------------------

--
-- Table structure for table `tblorgwastetypes`
--

CREATE TABLE `tblorgwastetypes` (
  `OrgWasteTypeId` int(11) NOT NULL,
  `BranchId` int(11) NOT NULL,
  `EntityId` int(11) NOT NULL
) ENGINE=InnoDB DEFAULT CHARSET=utf8mb4;

--
-- Dumping data for table `tblorgwastetypes`
--

INSERT INTO `tblorgwastetypes` (`OrgWasteTypeId`, `BranchId`, `EntityId`) VALUES
(1, 9, 6),
(2, 9, 7),
(3, 10, 6);

-- --------------------------------------------------------

--
-- Table structure for table `tblpanchaytee`
--

CREATE TABLE `tblpanchaytee` (
  `PanchayteeId` int(11) NOT NULL,
  `PanchayteeName` varchar(45) DEFAULT NULL,
  `Status` tinyint(4) NOT NULL DEFAULT 1,
  `DistrictId` int(11) NOT NULL,
  `TalukaId` int(11) DEFAULT NULL
) ENGINE=InnoDB DEFAULT CHARSET=utf8mb4;

--
-- Dumping data for table `tblpanchaytee`
--

INSERT INTO `tblpanchaytee` (`PanchayteeId`, `PanchayteeName`, `Status`, `DistrictId`, `TalukaId`) VALUES
(1, 'Rangasamudram', 1, 1, 2),
(2, 'devanahalli', 1, 3, 3),
(3, 'Chendrayapattanam', 1, 2, 1),
(4, 'Porumamilla', 1, 1, 2),
(5, 'chendraypattanam', 1, 2, 2),
(6, 'Badvel', 2, 1, 1),
(7, 'gjh', 2, 1, 2);

-- --------------------------------------------------------

--
-- Table structure for table `tblpickups`
--

CREATE TABLE `tblpickups` (
  `PickupId` int(11) NOT NULL,
  `AssignmentId` int(11) NOT NULL,
  `BranchId` int(11) NOT NULL,
  `UId` int(11) NOT NULL,
  `EntityId` int(11) NOT NULL,
  `ArrivedDateTime` datetime NOT NULL,
  `PickedUpDateTime` datetime NOT NULL,
  `QrCode` varchar(150) NOT NULL,
  `Weight` decimal(10,5) NOT NULL
) ENGINE=InnoDB DEFAULT CHARSET=utf8mb4;

--
-- Dumping data for table `tblpickups`
--

INSERT INTO `tblpickups` (`PickupId`, `AssignmentId`, `BranchId`, `UId`, `EntityId`, `ArrivedDateTime`, `PickedUpDateTime`, `QrCode`, `Weight`) VALUES
(1, 1, 2, 6, 5, '2020-03-12 10:48:13', '2020-03-12 10:48:13', '5', '4.00000'),
(2, 1, 2, 6, 7, '2020-03-12 10:48:50', '2020-03-12 10:48:50', '857366', '1.00000'),
(3, 1, 2, 6, 6, '2020-03-12 10:53:02', '2020-03-12 10:53:02', '366043', '3.00000'),
(4, 1, 2, 6, 6, '2020-03-12 10:53:15', '2020-03-12 10:53:15', '333820', '2.00000'),
(5, 1, 2, 6, 6, '2020-03-12 10:54:36', '2020-03-12 10:54:36', '67069', '4.00000'),
(6, 1, 2, 6, 6, '2020-03-12 10:55:34', '2020-03-12 10:55:34', '749147', '4.00000'),
(7, 1, 2, 6, 6, '2020-03-12 10:56:00', '2020-03-12 10:56:00', '73247', '3.00000'),
(8, 1, 2, 6, 6, '2020-03-12 10:56:29', '2020-03-12 10:56:29', '793655', '3.00000'),
(9, 1, 2, 6, 6, '2020-03-12 10:58:00', '2020-03-12 10:58:00', '216724', '1.00000'),
(10, 1, 2, 6, 6, '2020-03-13 04:32:29', '2020-03-13 04:32:29', '784807', '4.00000'),
(11, 1, 2, 6, 6, '2020-03-16 06:51:22', '2020-03-16 06:51:22', '718459', '5.00000'),
(12, 1, 2, 6, 6, '2020-03-16 06:57:56', '2020-03-16 06:57:56', '248403', '2.00000'),
(13, 1, 2, 6, 6, '2020-03-16 07:00:23', '2020-03-16 07:00:23', '730703', '4.00000'),
(14, 1, 2, 6, 6, '2020-03-16 08:45:54', '2020-03-16 08:45:54', '559928', '1.00000'),
(15, 10, 4, 6, 6, '2020-03-16 09:55:09', '2020-03-17 09:55:09', '661632', '1.00000'),
(16, 1, 2, 6, 6, '2020-03-17 12:45:58', '2020-03-17 12:45:58', '14366', '5.00000'),
(24, 10, 7, 6, 6, '2020-03-19 09:17:15', '2020-03-19 09:17:15', '123', '25.00000'),
(25, 10, 2, 6, 6, '2020-03-19 10:06:26', '2020-03-19 10:06:26', '123', '22.00000'),
(26, 8, 7, 6, 6, '2020-03-20 06:10:13', '2020-03-20 06:10:13', '123', '12.00000'),
(27, 8, 7, 6, 6, '2020-03-20 06:10:19', '2020-03-20 06:10:19', '123', '12.00000'),
(28, 8, 7, 6, 6, '2020-03-20 06:10:29', '2020-03-20 06:10:29', '123', '12.00000'),
(29, 8, 7, 6, 6, '2020-03-20 07:13:01', '2020-03-20 07:13:01', 'HYD-BME-0710-BN-NIL-CAR-15', '12.00000');

-- --------------------------------------------------------

--
-- Table structure for table `tblrolefeatures`
--

CREATE TABLE `tblrolefeatures` (
  `RoleId` int(11) NOT NULL,
  `FeatureId` int(11) NOT NULL,
  `OperationId` int(11) NOT NULL
) ENGINE=InnoDB DEFAULT CHARSET=utf8mb4;

--
-- Dumping data for table `tblrolefeatures`
--

INSERT INTO `tblrolefeatures` (`RoleId`, `FeatureId`, `OperationId`) VALUES
(2, 1, 1),
(2, 2, 1),
(2, 3, 1),
(2, 4, 1),
(2, 11, 1),
(2, 11, 2),
(2, 11, 3),
(2, 11, 4),
(2, 12, 1),
(2, 12, 2),
(2, 12, 3),
(2, 12, 4),
(2, 13, 1),
(2, 13, 2),
(2, 13, 3),
(2, 13, 4),
(2, 14, 1),
(2, 14, 2),
(2, 14, 3),
(2, 14, 4),
(2, 15, 1),
(2, 15, 2),
(2, 15, 3),
(2, 15, 4),
(2, 16, 1),
(2, 16, 2),
(2, 16, 3),
(2, 16, 4),
(2, 17, 1),
(2, 17, 2),
(2, 17, 3),
(2, 17, 4),
(2, 18, 1),
(2, 18, 2),
(2, 18, 3),
(2, 18, 4),
(2, 19, 1),
(2, 19, 2),
(2, 19, 3),
(2, 19, 4),
(2, 20, 1),
(2, 20, 2),
(2, 20, 3),
(2, 20, 4),
(2, 21, 1),
(2, 21, 2),
(2, 21, 3),
(2, 21, 4),
(2, 22, 1),
(2, 22, 2),
(2, 22, 3),
(2, 22, 4),
(2, 23, 1),
(2, 24, 1),
(2, 24, 2),
(2, 24, 3),
(2, 24, 4),
(2, 25, 1),
(2, 25, 2),
(2, 25, 3),
(2, 25, 4),
(2, 26, 1),
(2, 27, 1),
(2, 27, 2),
(2, 27, 3),
(2, 27, 4),
(2, 28, 1),
(2, 28, 2),
(2, 28, 3),
(2, 28, 4),
(2, 29, 1),
(2, 29, 2),
(2, 29, 3),
(2, 29, 4),
(2, 30, 1),
(2, 30, 3),
(2, 30, 4),
(6, 4, 1),
(6, 26, 1),
(6, 28, 1),
(6, 29, 1),
(6, 29, 2),
(6, 29, 3),
(6, 29, 4),
(6, 30, 1),
(6, 30, 2),
(6, 30, 3),
(6, 30, 4);

-- --------------------------------------------------------

--
-- Table structure for table `tblroles`
--

CREATE TABLE `tblroles` (
  `RoleId` int(11) NOT NULL,
  `RoleName` varchar(45) NOT NULL,
  `Status` tinyint(4) NOT NULL DEFAULT 1
) ENGINE=InnoDB DEFAULT CHARSET=utf8mb4;

--
-- Dumping data for table `tblroles`
--

INSERT INTO `tblroles` (`RoleId`, `RoleName`, `Status`) VALUES
(1, 'Guest', 1),
(2, 'Admin', 1),
(3, 'Super Admin', 1),
(4, 'Gsfdfuest', 2),
(5, 'Employee', 1),
(6, 'Transporter', 1),
(7, 'Waste Generator', 1);

-- --------------------------------------------------------

--
-- Table structure for table `tblroutelocations`
--

CREATE TABLE `tblroutelocations` (
  `RouteId` int(11) NOT NULL,
  `BranchId` int(11) NOT NULL
) ENGINE=InnoDB DEFAULT CHARSET=utf8mb4;

--
-- Dumping data for table `tblroutelocations`
--

INSERT INTO `tblroutelocations` (`RouteId`, `BranchId`) VALUES
(1, 1),
(1, 4),
(1, 5),
(1, 6),
(2, 7),
(2, 9);

-- --------------------------------------------------------

--
-- Table structure for table `tblroutes`
--

CREATE TABLE `tblroutes` (
  `RouteId` int(11) NOT NULL,
  `RouteName` varchar(150) NOT NULL,
  `StartPointLatitude` varchar(45) NOT NULL,
  `StartPointLongitude` varchar(45) NOT NULL,
  `StartPoint` varchar(150) NOT NULL,
  `EndPointLatitude` varchar(45) NOT NULL,
  `EndPointLongitude` varchar(45) NOT NULL,
  `EndPoint` varchar(150) NOT NULL,
  `Status` tinyint(4) NOT NULL DEFAULT 1
) ENGINE=InnoDB DEFAULT CHARSET=utf8mb4;

--
-- Dumping data for table `tblroutes`
--

INSERT INTO `tblroutes` (`RouteId`, `RouteName`, `StartPointLatitude`, `StartPointLongitude`, `StartPoint`, `EndPointLatitude`, `EndPointLongitude`, `EndPoint`, `Status`) VALUES
(1, 'Route - 1', '17.4254', '78.4505', 'Punjagutta', '17.4937', '78.3401', 'madinaguda', 1),
(2, 'Route - 2', '17.3984', '78.5583', 'Uppal, Hyderabad, Telangana, India', '17.3457', '78.5522', 'Lal Bahadur Nagar', 1),
(3, 'Route - 3', '17.4375', '78.4482', 'Ameerpet', '17.4435', '78.3772', 'HITEC City', 1),
(4, 'Route - 4', '17.4435', '78.3772', 'HITEC City', '17.5169', '78.3428', 'Miyapur', 2);

-- --------------------------------------------------------

--
-- Table structure for table `tblstates`
--

CREATE TABLE `tblstates` (
  `StateId` int(11) NOT NULL,
  `StateName` varchar(45) NOT NULL,
  `Status` tinyint(4) NOT NULL DEFAULT 1
) ENGINE=InnoDB DEFAULT CHARSET=utf8mb4;

--
-- Dumping data for table `tblstates`
--

INSERT INTO `tblstates` (`StateId`, `StateName`, `Status`) VALUES
(1, 'Andhara Pradesh', 1),
(2, 'Telangana', 1),
(3, 'Karnataka', 1),
(4, 'Tamilanadu', 1),
(5, 'dg dfh gfh rey tru tyu', 2),
(6, 'dfh fj jghj dfgh gfh', 2);

-- --------------------------------------------------------

--
-- Table structure for table `tbltaluka`
--

CREATE TABLE `tbltaluka` (
  `TalukaId` int(11) NOT NULL,
  `DistrictId` int(11) NOT NULL,
  `TalukaName` varchar(45) NOT NULL,
  `Status` tinyint(4) NOT NULL DEFAULT 1
) ENGINE=InnoDB DEFAULT CHARSET=utf8mb4;

--
-- Dumping data for table `tbltaluka`
--

INSERT INTO `tbltaluka` (`TalukaId`, `DistrictId`, `TalukaName`, `Status`) VALUES
(1, 10, 'Mysuru', 1),
(2, 1, 'Badvel', 1),
(3, 3, 'devanahalli', 1),
(4, 1, 'Rayachoti', 1),
(5, 3, 'Yallanka', 1);

-- --------------------------------------------------------

--
-- Table structure for table `tblusers`
--

CREATE TABLE `tblusers` (
  `UId` int(11) NOT NULL,
  `UserId` varchar(45) NOT NULL,
  `Password` text NOT NULL,
  `FirstName` varchar(45) DEFAULT NULL,
  `LastName` varchar(45) DEFAULT NULL,
  `DisplayName` varchar(45) NOT NULL,
  `RoleId` int(11) NOT NULL,
  `ContactNo` varchar(15) DEFAULT NULL,
  `EmailId` varchar(45) DEFAULT NULL,
  `ProfilePic` varchar(100) DEFAULT NULL,
  `Status` tinyint(4) NOT NULL DEFAULT 1,
  `ApiToken` varchar(255) DEFAULT NULL,
  `RememberToken` varchar(255) DEFAULT NULL,
  `Imei` varchar(50) DEFAULT NULL,
  `AppVersion` varchar(45) DEFAULT NULL,
  `OsVersion` varchar(45) DEFAULT NULL
) ENGINE=InnoDB DEFAULT CHARSET=utf8mb4;

--
-- Dumping data for table `tblusers`
--

INSERT INTO `tblusers` (`UId`, `UserId`, `Password`, `FirstName`, `LastName`, `DisplayName`, `RoleId`, `ContactNo`, `EmailId`, `ProfilePic`, `Status`, `ApiToken`, `RememberToken`, `Imei`, `AppVersion`, `OsVersion`) VALUES
(1, 'aAPgtGRmzlIfwtf', '$2y$10$45SPyqp.AJ3ApjxgoBdJGua4yGq2oDSD8oSlAW6crIN7bD7JKE4om', NULL, NULL, 'test one', 2, NULL, 'testone@gmail.com', NULL, 1, 'gd0swyS54dQRoBjhNC58PWzCL8gyHFoxzUdd8M1JNorLw3wIBKtzZXrbqlFHFiN8NmJV0BsjXWcjc9bADxNKUgDhhZqRMJoidpvyaPxMgdmST8on9D6X23qfWCoZuH6kZR2v2qujVHReM4qsdtSCLZ2020-03-2010:47:32', NULL, '', '', ''),
(2, 'h9X9FUqNViFuvxK', '$2y$10$OflHeersiwimrnebmOWBZOzhukyOxmU4mjASvSv1YMglTtdqyYDuW', NULL, NULL, 'admin', 2, NULL, 'admin@gmail.com', NULL, 1, 'qsdOhkaZzccJUvF96rh3EwRVnleMzCI08zWNH2VcJOTK1OBNgCY5AizgXfJ8eYNZXn8ayOkoW3jQ3C7ZOYOnmjWNrk2awRhYY4AScHCCf8CzVYSMf6ditCipEJO35OnjqQ72ejHOzuCGgdbkFo293B2020-03-1309:09:19', NULL, '', '', ''),
(3, 'narayanasc@gmail.com', '$2y$10$0VxXzUFhXMPdMh3rNJMYZ.mRIIUkm2y/pF8E1jVi/KQH9A/Lpmv/2', NULL, NULL, 'Narayana school', 1, NULL, 'narayanasc@gmail.com', NULL, 1, NULL, NULL, '', '', ''),
(4, 'srichaithanya@gmail.com', '$2y$10$Yyl4Nl/3/hTh47rFXsmWE.VsceERqRLHfjypRqpvhxe5SBkBeN7Fy', NULL, NULL, 'srichaithanya', 1, NULL, 'srichaithanya@gmail.com', NULL, 1, NULL, NULL, '', '', ''),
(5, 'driver12@gmail.com', '$2y$10$Vorqa/iqgyUm00GMIVaHKehKEEs8yDf6l3gJ1E.yq1bcy3DJSfPXa', NULL, NULL, 'driver one', 6, NULL, 'driver12@gmail.com', NULL, 1, '5nYI36XT3uMgGcKydVHg8AxyPG5upXjB6Z9xAYSRNavtcuGwJ0X3kutlgZE3jCli633hlzq2MtHNojdpAp6xV3BKUXMODDoVcRNxWMAPaars9YffuiLYh00jZDLlbkr3O02ThqgRxj2D7JnM6FN3ym2020-03-1211:56:20', NULL, '', '', ''),
(6, 'driver123@gmail.com', '$2y$10$Vorqa/iqgyUm00GMIVaHKehKEEs8yDf6l3gJ1E.yq1bcy3DJSfPXa', NULL, NULL, 'Driver Two', 6, NULL, 'driver123@gmail.com', NULL, 1, 'EPW07253J0w5dkFekYHlROePJ9itMH6S92kmHkqVjpydsFtywA71wZzRmLJsK0ePM1jsGA60YAacg3ZM7jePcO1FHK4A6XhyxfHUSi25jyUizqI7QYyScJ3dghLyxOCIdIYbLMwHWLxxb0dJBytKO92020-03-2106:29:31', NULL, '', '', ''),
(7, 'plant1@gmail.com', '$2y$10$Vorqa/iqgyUm00GMIVaHKehKEEs8yDf6l3gJ1E.yq1bcy3DJSfPXa', 'waste disposal', 'plant', 'wd plant', 5, '1234567890', 'plant1@gmail.com', NULL, 1, NULL, NULL, '', '', ''),
(20, 'caretest@gmail.com', '$2y$10$NolVzZ/YcnNZ2pus3a9m1.DjyJMDCN9uXfjHa5lOLk7qi7CXwKF6a', NULL, NULL, 'care abc test', 7, '1234567890', 'caretest@gmail.com', NULL, 1, NULL, NULL, NULL, NULL, NULL),
(21, 'abctest@gmail.com', '$2y$10$AqOJIg1wjDjUgymbGos4Yu8vwbYFo.DiQdAWr7LXw6ocPSIniICYC', NULL, NULL, 'abctest', 7, '1234567890', 'abctest@gmail.com', NULL, 1, NULL, NULL, NULL, NULL, NULL);

-- --------------------------------------------------------

--
-- Table structure for table `tblvehicles`
--

CREATE TABLE `tblvehicles` (
  `VehicleId` int(11) NOT NULL,
  `VehicleName` varchar(150) NOT NULL,
  `EntityId` int(11) NOT NULL,
  `VehicleNumber` varchar(20) NOT NULL,
  `VehicleRC` varchar(20) NOT NULL,
  `RCDocument` varchar(225) NOT NULL,
  `RCExpiryDate` timestamp NULL DEFAULT NULL,
  `VehicleInsurance` varchar(45) DEFAULT NULL,
  `VehicleInsuranceDocument` varchar(225) DEFAULT NULL,
  `InsuranceExpiryDate` timestamp NULL DEFAULT NULL,
  `PollutionCheck` varchar(45) DEFAULT NULL,
  `PollutionCheckDocument` varchar(225) DEFAULT NULL,
  `PollutionCheckExpiryDate` timestamp NULL DEFAULT NULL,
  `Status` tinyint(4) NOT NULL DEFAULT 1
) ENGINE=InnoDB DEFAULT CHARSET=utf8mb4;

--
-- Dumping data for table `tblvehicles`
--

INSERT INTO `tblvehicles` (`VehicleId`, `VehicleName`, `EntityId`, `VehicleNumber`, `VehicleRC`, `RCDocument`, `RCExpiryDate`, `VehicleInsurance`, `VehicleInsuranceDocument`, `InsuranceExpiryDate`, `PollutionCheck`, `PollutionCheckDocument`, `PollutionCheckExpiryDate`, `Status`) VALUES
(1, 'abc truck', 1, 'AP02 1111', '12345', '', '2020-03-30 04:46:42', '123456', NULL, '2020-03-20 04:46:42', NULL, NULL, NULL, 1),
(2, 'abc pqr', 2, 'TS90D 2222', '22222', '', '2020-03-23 04:46:42', NULL, NULL, '2020-03-21 04:46:42', NULL, NULL, NULL, 1);

-- --------------------------------------------------------

--
-- Table structure for table `tblvillages`
--

CREATE TABLE `tblvillages` (
  `VillageId` int(11) NOT NULL,
  `PanchayteeId` int(11) NOT NULL,
  `VillageName` varchar(45) NOT NULL,
  `Status` tinyint(4) NOT NULL DEFAULT 1
) ENGINE=InnoDB DEFAULT CHARSET=utf8mb4;

--
-- Dumping data for table `tblvillages`
--

INSERT INTO `tblvillages` (`VillageId`, `PanchayteeId`, `VillageName`, `Status`) VALUES
(1, 3, 'mvillage', 1),
(2, 4, 'chennareddypeta', 1),
(3, 2, 'bagaluru', 1),
(4, 2, 'abctestvillage', 1),
(5, 1, 'kammavaripalli', 1);

-- --------------------------------------------------------

--
-- Table structure for table `tblwastecollections`
--

CREATE TABLE `tblwastecollections` (
  `PickupId` int(11) NOT NULL,
  `AssignmentId` int(11) NOT NULL,
  `UId` int(11) NOT NULL,
  `PickupBranchId` int(11) NOT NULL,
  `PickupEntityId` int(11) NOT NULL,
  `PickupArrivedDateTime` datetime NOT NULL,
  `PickupDate` date NOT NULL,
  `PickupTime` time NOT NULL,
  `PickupQrcode` varchar(150) NOT NULL,
  `PickupWeight` decimal(10,4) NOT NULL,
  `PickupFeedback` text DEFAULT NULL,
  `DropBranchId` int(11) DEFAULT NULL,
  `DropEntityId` int(11) DEFAULT NULL,
  `DropDate` date DEFAULT NULL,
  `DropTime` time DEFAULT NULL,
  `DropWeight` decimal(10,4) DEFAULT NULL,
  `DropFeedback` text DEFAULT NULL,
  `Status` tinyint(4) NOT NULL DEFAULT 1
) ENGINE=InnoDB DEFAULT CHARSET=utf8mb4;

-- --------------------------------------------------------

--
-- Table structure for table `tblwastecolors`
--

CREATE TABLE `tblwastecolors` (
  `WasteColorId` int(11) NOT NULL,
  `EntityId` int(11) NOT NULL,
  `WasteColor` varchar(45) NOT NULL
) ENGINE=InnoDB DEFAULT CHARSET=utf8mb4;

--
-- Dumping data for table `tblwastecolors`
--

INSERT INTO `tblwastecolors` (`WasteColorId`, `EntityId`, `WasteColor`) VALUES
(1, 35, 'Red'),
(2, 6, 'Blue');

-- --------------------------------------------------------

--
-- Stand-in structure for view `vw_driver_routes`
-- (See below for the actual view)
--
CREATE TABLE `vw_driver_routes` (
`UId` int(11)
,`DisplayName` varchar(45)
,`VehicleName` varchar(150)
,`VehicleNumber` varchar(20)
,`BranchName` varchar(45)
,`Latitude` varchar(45)
,`Longitude` varchar(45)
,`Location` varchar(225)
,`BranchId` int(11)
,`AssignmentId` int(11)
,`StartDate` date
,`StartTime` time
,`StartPointLatitude` varchar(45)
,`StartPointLongitude` varchar(45)
,`StartPoint` varchar(150)
,`EndPointLatitude` varchar(45)
,`EndPointLongitude` varchar(45)
,`EndPoint` varchar(150)
);

-- --------------------------------------------------------

--
-- Stand-in structure for view `vw_lookup_groups`
-- (See below for the actual view)
--
CREATE TABLE `vw_lookup_groups` (
`EntityId` int(11)
,`EntityName` varchar(45)
,`GroupId` int(11)
,`Status` tinyint(4)
,`GroupName` varchar(45)
);

-- --------------------------------------------------------

--
-- Stand-in structure for view `vw_route_locations`
-- (See below for the actual view)
--
CREATE TABLE `vw_route_locations` (
`RouteId` int(11)
,`RouteName` varchar(150)
,`StartPointLatitude` varchar(45)
,`StartPointLongitude` varchar(45)
,`StartPoint` varchar(150)
,`EndPointLatitude` varchar(45)
,`EndPointLongitude` varchar(45)
,`EndPoint` varchar(150)
,`Status` tinyint(4)
,`BranchId` int(11)
,`OrgId` int(11)
,`BranchName` varchar(45)
,`EntityId` int(11)
,`Latitude` varchar(45)
,`Longitude` varchar(45)
,`Location` varchar(225)
);

-- --------------------------------------------------------

--
-- Structure for view `vw_driver_routes`
--
DROP TABLE IF EXISTS `vw_driver_routes`;

CREATE ALGORITHM=UNDEFINED DEFINER=`root`@`localhost` SQL SECURITY DEFINER VIEW `vw_driver_routes`  AS  select `dr`.`UId` AS `UId`,`u`.`DisplayName` AS `DisplayName`,`v`.`VehicleName` AS `VehicleName`,`v`.`VehicleNumber` AS `VehicleNumber`,`b`.`BranchName` AS `BranchName`,`b`.`Latitude` AS `Latitude`,`b`.`Longitude` AS `Longitude`,`b`.`Location` AS `Location`,`b`.`BranchId` AS `BranchId`,`dr`.`AssignmentId` AS `AssignmentId`,`dr`.`StartDate` AS `StartDate`,`dr`.`StartTime` AS `StartTime`,`r`.`StartPointLatitude` AS `StartPointLatitude`,`r`.`StartPointLongitude` AS `StartPointLongitude`,`r`.`StartPoint` AS `StartPoint`,`r`.`EndPointLatitude` AS `EndPointLatitude`,`r`.`EndPointLongitude` AS `EndPointLongitude`,`r`.`EndPoint` AS `EndPoint` from (((((`tbldriverroutes` `dr` join `tblusers` `u` on(`dr`.`UId` = `u`.`UId`)) join `tblvehicles` `v` on(`dr`.`VehicleId` = `v`.`VehicleId`)) join `tblroutelocations` `rl` on(`dr`.`RouteId` = `rl`.`RouteId`)) join `tblbranchs` `b` on(`rl`.`BranchId` = `b`.`BranchId`)) join `tblroutes` `r` on(`dr`.`RouteId` = `r`.`RouteId`)) where `dr`.`Status` = 1 and `v`.`Status` = 1 and `b`.`Status` = 1 and `u`.`Status` = 1 ;

-- --------------------------------------------------------

--
-- Structure for view `vw_lookup_groups`
--
DROP TABLE IF EXISTS `vw_lookup_groups`;

CREATE ALGORITHM=UNDEFINED DEFINER=`root`@`localhost` SQL SECURITY DEFINER VIEW `vw_lookup_groups`  AS  (select `lookupentity`.`EntityId` AS `EntityId`,`lookupentity`.`EntityName` AS `EntityName`,`lookupentity`.`GroupId` AS `GroupId`,`lookupentity`.`Status` AS `Status`,`lookupgroups`.`GroupName` AS `GroupName` from (`lookupentity` join `lookupgroups` on(`lookupentity`.`GroupId` = `lookupgroups`.`GroupId`))) ;

-- --------------------------------------------------------

--
-- Structure for view `vw_route_locations`
--
DROP TABLE IF EXISTS `vw_route_locations`;

CREATE ALGORITHM=UNDEFINED DEFINER=`root`@`localhost` SQL SECURITY DEFINER VIEW `vw_route_locations`  AS  (select `r`.`RouteId` AS `RouteId`,`r`.`RouteName` AS `RouteName`,`r`.`StartPointLatitude` AS `StartPointLatitude`,`r`.`StartPointLongitude` AS `StartPointLongitude`,`r`.`StartPoint` AS `StartPoint`,`r`.`EndPointLatitude` AS `EndPointLatitude`,`r`.`EndPointLongitude` AS `EndPointLongitude`,`r`.`EndPoint` AS `EndPoint`,`r`.`Status` AS `Status`,`b`.`BranchId` AS `BranchId`,`b`.`OrgId` AS `OrgId`,`b`.`BranchName` AS `BranchName`,`b`.`EntityId` AS `EntityId`,`b`.`Latitude` AS `Latitude`,`b`.`Longitude` AS `Longitude`,`b`.`Location` AS `Location` from ((`tblroutes` `r` join `tblroutelocations` `rl` on(`r`.`RouteId` = `rl`.`RouteId`)) join `tblbranchs` `b` on(`rl`.`BranchId` = `b`.`BranchId`)) where `r`.`Status` = 1 and `b`.`Status` = 1) ;

--
-- Indexes for dumped tables
--

--
-- Indexes for table `lookupentity`
--
ALTER TABLE `lookupentity`
  ADD PRIMARY KEY (`EntityId`),
  ADD UNIQUE KEY `EntityName_UNIQUE` (`EntityName`),
  ADD KEY `fk_lookupentity_lookupgroups_idx` (`GroupId`);

--
-- Indexes for table `lookupgroups`
--
ALTER TABLE `lookupgroups`
  ADD PRIMARY KEY (`GroupId`);

--
-- Indexes for table `tbladdress`
--
ALTER TABLE `tbladdress`
  ADD PRIMARY KEY (`AddressId`),
  ADD KEY `fk_tbladdress_tblusers1_idx` (`UId`),
  ADD KEY `fk_tbladdress_tblvillages1_idx` (`VillageId`);

--
-- Indexes for table `tblbranchs`
--
ALTER TABLE `tblbranchs`
  ADD PRIMARY KEY (`BranchId`),
  ADD KEY `fk_tblBranchs_tblorganizations1_idx` (`OrgId`);

--
-- Indexes for table `tblcontactdetails`
--
ALTER TABLE `tblcontactdetails`
  ADD PRIMARY KEY (`ContactId`);

--
-- Indexes for table `tbldistricts`
--
ALTER TABLE `tbldistricts`
  ADD PRIMARY KEY (`DistrictId`),
  ADD UNIQUE KEY `DistrictName_UNIQUE` (`DistrictName`),
  ADD KEY `fk_tbldistricts_tblstates1_idx` (`StateId`);

--
-- Indexes for table `tbldriveractivities`
--
ALTER TABLE `tbldriveractivities`
  ADD PRIMARY KEY (`DriverActivityId`);

--
-- Indexes for table `tbldriverroutes`
--
ALTER TABLE `tbldriverroutes`
  ADD PRIMARY KEY (`AssignmentId`);

--
-- Indexes for table `tblfeatureoperations`
--
ALTER TABLE `tblfeatureoperations`
  ADD PRIMARY KEY (`FeatureId`,`OperationId`),
  ADD KEY `fk_tblfeatureoperations_tbloperations1_idx` (`OperationId`);

--
-- Indexes for table `tblfeatures`
--
ALTER TABLE `tblfeatures`
  ADD PRIMARY KEY (`FeatureId`),
  ADD UNIQUE KEY `FeatureName_UNIQUE` (`FeatureName`);

--
-- Indexes for table `tbllogs`
--
ALTER TABLE `tbllogs`
  ADD PRIMARY KEY (`LogId`);

--
-- Indexes for table `tbloperations`
--
ALTER TABLE `tbloperations`
  ADD PRIMARY KEY (`OperationId`);

--
-- Indexes for table `tblorganizations`
--
ALTER TABLE `tblorganizations`
  ADD PRIMARY KEY (`OrgId`),
  ADD UNIQUE KEY `IndustryName_UNIQUE` (`OrgName`),
  ADD KEY `fk_tblorganizations_tblusers1_idx` (`OrgId`),
  ADD KEY `fk_tblorganizations_lookupentity1_idx` (`OrgTypeId`);

--
-- Indexes for table `tblorgwastetypes`
--
ALTER TABLE `tblorgwastetypes`
  ADD PRIMARY KEY (`OrgWasteTypeId`),
  ADD UNIQUE KEY `BranchId` (`BranchId`,`EntityId`);

--
-- Indexes for table `tblpanchaytee`
--
ALTER TABLE `tblpanchaytee`
  ADD PRIMARY KEY (`PanchayteeId`),
  ADD KEY `fk_tblpanchaytee_tbldistricts1_idx` (`DistrictId`),
  ADD KEY `fk_tblpanchaytee_tbltaluka1_idx` (`TalukaId`);

--
-- Indexes for table `tblpickups`
--
ALTER TABLE `tblpickups`
  ADD PRIMARY KEY (`PickupId`);

--
-- Indexes for table `tblrolefeatures`
--
ALTER TABLE `tblrolefeatures`
  ADD PRIMARY KEY (`RoleId`,`FeatureId`,`OperationId`),
  ADD KEY `fk_tblrolefeatures_tblroles1_idx` (`RoleId`),
  ADD KEY `fk_tblrolefeatures_tblfeatureoperations1_idx` (`FeatureId`,`OperationId`);

--
-- Indexes for table `tblroles`
--
ALTER TABLE `tblroles`
  ADD PRIMARY KEY (`RoleId`),
  ADD UNIQUE KEY `RoleName_UNIQUE` (`RoleName`);

--
-- Indexes for table `tblroutelocations`
--
ALTER TABLE `tblroutelocations`
  ADD UNIQUE KEY `RouteId` (`RouteId`,`BranchId`);

--
-- Indexes for table `tblroutes`
--
ALTER TABLE `tblroutes`
  ADD PRIMARY KEY (`RouteId`);

--
-- Indexes for table `tblstates`
--
ALTER TABLE `tblstates`
  ADD PRIMARY KEY (`StateId`),
  ADD UNIQUE KEY `StateName_UNIQUE` (`StateName`);

--
-- Indexes for table `tbltaluka`
--
ALTER TABLE `tbltaluka`
  ADD PRIMARY KEY (`TalukaId`),
  ADD KEY `fk_tbltaluka_tbldistricts1_idx` (`DistrictId`);

--
-- Indexes for table `tblusers`
--
ALTER TABLE `tblusers`
  ADD PRIMARY KEY (`UId`),
  ADD UNIQUE KEY `UserId_UNIQUE` (`UserId`),
  ADD KEY `fk_tblusers_tblroles1_idx` (`RoleId`);

--
-- Indexes for table `tblvehicles`
--
ALTER TABLE `tblvehicles`
  ADD PRIMARY KEY (`VehicleId`);

--
-- Indexes for table `tblvillages`
--
ALTER TABLE `tblvillages`
  ADD PRIMARY KEY (`VillageId`),
  ADD KEY `fk_tblvillages_tblpanchaytee1_idx` (`PanchayteeId`);

--
-- Indexes for table `tblwastecollections`
--
ALTER TABLE `tblwastecollections`
  ADD PRIMARY KEY (`PickupId`);

--
-- Indexes for table `tblwastecolors`
--
ALTER TABLE `tblwastecolors`
  ADD PRIMARY KEY (`WasteColorId`),
  ADD UNIQUE KEY `EntityId` (`EntityId`);

--
-- AUTO_INCREMENT for dumped tables
--

--
-- AUTO_INCREMENT for table `lookupentity`
--
ALTER TABLE `lookupentity`
  MODIFY `EntityId` int(11) NOT NULL AUTO_INCREMENT, AUTO_INCREMENT=44;

--
-- AUTO_INCREMENT for table `lookupgroups`
--
ALTER TABLE `lookupgroups`
  MODIFY `GroupId` int(11) NOT NULL AUTO_INCREMENT, AUTO_INCREMENT=11;

--
-- AUTO_INCREMENT for table `tbladdress`
--
ALTER TABLE `tbladdress`
  MODIFY `AddressId` int(11) NOT NULL AUTO_INCREMENT;

--
-- AUTO_INCREMENT for table `tblbranchs`
--
ALTER TABLE `tblbranchs`
  MODIFY `BranchId` int(11) NOT NULL AUTO_INCREMENT, AUTO_INCREMENT=11;

--
-- AUTO_INCREMENT for table `tblcontactdetails`
--
ALTER TABLE `tblcontactdetails`
  MODIFY `ContactId` int(11) NOT NULL AUTO_INCREMENT, AUTO_INCREMENT=5;

--
-- AUTO_INCREMENT for table `tbldistricts`
--
ALTER TABLE `tbldistricts`
  MODIFY `DistrictId` int(11) NOT NULL AUTO_INCREMENT, AUTO_INCREMENT=14;

--
-- AUTO_INCREMENT for table `tbldriveractivities`
--
ALTER TABLE `tbldriveractivities`
  MODIFY `DriverActivityId` int(11) NOT NULL AUTO_INCREMENT;

--
-- AUTO_INCREMENT for table `tbldriverroutes`
--
ALTER TABLE `tbldriverroutes`
  MODIFY `AssignmentId` int(11) NOT NULL AUTO_INCREMENT, AUTO_INCREMENT=13;

--
-- AUTO_INCREMENT for table `tbllogs`
--
ALTER TABLE `tbllogs`
  MODIFY `LogId` int(11) NOT NULL AUTO_INCREMENT, AUTO_INCREMENT=662;

--
-- AUTO_INCREMENT for table `tbloperations`
--
ALTER TABLE `tbloperations`
  MODIFY `OperationId` int(11) NOT NULL AUTO_INCREMENT, AUTO_INCREMENT=5;

--
-- AUTO_INCREMENT for table `tblorgwastetypes`
--
ALTER TABLE `tblorgwastetypes`
  MODIFY `OrgWasteTypeId` int(11) NOT NULL AUTO_INCREMENT, AUTO_INCREMENT=4;

--
-- AUTO_INCREMENT for table `tblpanchaytee`
--
ALTER TABLE `tblpanchaytee`
  MODIFY `PanchayteeId` int(11) NOT NULL AUTO_INCREMENT, AUTO_INCREMENT=8;

--
-- AUTO_INCREMENT for table `tblpickups`
--
ALTER TABLE `tblpickups`
  MODIFY `PickupId` int(11) NOT NULL AUTO_INCREMENT, AUTO_INCREMENT=30;

--
-- AUTO_INCREMENT for table `tblroles`
--
ALTER TABLE `tblroles`
  MODIFY `RoleId` int(11) NOT NULL AUTO_INCREMENT, AUTO_INCREMENT=8;

--
-- AUTO_INCREMENT for table `tblroutes`
--
ALTER TABLE `tblroutes`
  MODIFY `RouteId` int(11) NOT NULL AUTO_INCREMENT, AUTO_INCREMENT=5;

--
-- AUTO_INCREMENT for table `tblstates`
--
ALTER TABLE `tblstates`
  MODIFY `StateId` int(11) NOT NULL AUTO_INCREMENT, AUTO_INCREMENT=7;

--
-- AUTO_INCREMENT for table `tbltaluka`
--
ALTER TABLE `tbltaluka`
  MODIFY `TalukaId` int(11) NOT NULL AUTO_INCREMENT, AUTO_INCREMENT=6;

--
-- AUTO_INCREMENT for table `tblusers`
--
ALTER TABLE `tblusers`
  MODIFY `UId` int(11) NOT NULL AUTO_INCREMENT, AUTO_INCREMENT=22;

--
-- AUTO_INCREMENT for table `tblvehicles`
--
ALTER TABLE `tblvehicles`
  MODIFY `VehicleId` int(11) NOT NULL AUTO_INCREMENT, AUTO_INCREMENT=3;

--
-- AUTO_INCREMENT for table `tblvillages`
--
ALTER TABLE `tblvillages`
  MODIFY `VillageId` int(11) NOT NULL AUTO_INCREMENT, AUTO_INCREMENT=6;

--
-- AUTO_INCREMENT for table `tblwastecollections`
--
ALTER TABLE `tblwastecollections`
  MODIFY `PickupId` int(11) NOT NULL AUTO_INCREMENT;

--
-- AUTO_INCREMENT for table `tblwastecolors`
--
ALTER TABLE `tblwastecolors`
  MODIFY `WasteColorId` int(11) NOT NULL AUTO_INCREMENT, AUTO_INCREMENT=4;

--
-- Constraints for dumped tables
--

--
-- Constraints for table `lookupentity`
--
ALTER TABLE `lookupentity`
  ADD CONSTRAINT `fk_lookupentity_lookupgroups` FOREIGN KEY (`GroupId`) REFERENCES `lookupgroups` (`GroupId`) ON DELETE NO ACTION ON UPDATE NO ACTION;

--
-- Constraints for table `tbladdress`
--
ALTER TABLE `tbladdress`
  ADD CONSTRAINT `fk_tbladdress_tblusers1` FOREIGN KEY (`UId`) REFERENCES `tblusers` (`UId`) ON DELETE NO ACTION ON UPDATE NO ACTION,
  ADD CONSTRAINT `fk_tbladdress_tblvillages1` FOREIGN KEY (`VillageId`) REFERENCES `tblvillages` (`VillageId`) ON DELETE NO ACTION ON UPDATE NO ACTION;

--
-- Constraints for table `tblbranchs`
--
ALTER TABLE `tblbranchs`
  ADD CONSTRAINT `fk_tblBranchs_tblorganizations1` FOREIGN KEY (`OrgId`) REFERENCES `tblorganizations` (`OrgId`) ON DELETE NO ACTION ON UPDATE NO ACTION;

--
-- Constraints for table `tbldistricts`
--
ALTER TABLE `tbldistricts`
  ADD CONSTRAINT `fk_tbldistricts_tblstates1` FOREIGN KEY (`StateId`) REFERENCES `tblstates` (`StateId`) ON DELETE NO ACTION ON UPDATE NO ACTION;

--
-- Constraints for table `tblfeatureoperations`
--
ALTER TABLE `tblfeatureoperations`
  ADD CONSTRAINT `fk_tblfeatureoperations_tblfeatures1` FOREIGN KEY (`FeatureId`) REFERENCES `tblfeatures` (`FeatureId`) ON DELETE NO ACTION ON UPDATE NO ACTION,
  ADD CONSTRAINT `fk_tblfeatureoperations_tbloperations1` FOREIGN KEY (`OperationId`) REFERENCES `tbloperations` (`OperationId`) ON DELETE NO ACTION ON UPDATE NO ACTION;

--
-- Constraints for table `tblorganizations`
--
ALTER TABLE `tblorganizations`
  ADD CONSTRAINT `fk_tblorganizations_tblusers1` FOREIGN KEY (`OrgId`) REFERENCES `tblusers` (`UId`) ON DELETE NO ACTION ON UPDATE NO ACTION;

--
-- Constraints for table `tblpanchaytee`
--
ALTER TABLE `tblpanchaytee`
  ADD CONSTRAINT `fk_tblpanchaytee_tbldistricts1` FOREIGN KEY (`DistrictId`) REFERENCES `tbldistricts` (`DistrictId`) ON DELETE NO ACTION ON UPDATE NO ACTION,
  ADD CONSTRAINT `fk_tblpanchaytee_tbltaluka1` FOREIGN KEY (`TalukaId`) REFERENCES `tbltaluka` (`TalukaId`) ON DELETE NO ACTION ON UPDATE NO ACTION;

--
-- Constraints for table `tblrolefeatures`
--
ALTER TABLE `tblrolefeatures`
  ADD CONSTRAINT `fk_tblrolefeatures_tblfeatureoperations1` FOREIGN KEY (`FeatureId`,`OperationId`) REFERENCES `tblfeatureoperations` (`FeatureId`, `OperationId`) ON DELETE NO ACTION ON UPDATE NO ACTION,
  ADD CONSTRAINT `fk_tblrolefeatures_tblroles1` FOREIGN KEY (`RoleId`) REFERENCES `tblroles` (`RoleId`) ON DELETE NO ACTION ON UPDATE NO ACTION;

--
-- Constraints for table `tbltaluka`
--
ALTER TABLE `tbltaluka`
  ADD CONSTRAINT `fk_tbltaluka_tbldistricts1` FOREIGN KEY (`DistrictId`) REFERENCES `tbldistricts` (`DistrictId`) ON DELETE NO ACTION ON UPDATE NO ACTION;

--
-- Constraints for table `tblusers`
--
ALTER TABLE `tblusers`
  ADD CONSTRAINT `fk_tblusers_tblroles1` FOREIGN KEY (`RoleId`) REFERENCES `tblroles` (`RoleId`) ON DELETE NO ACTION ON UPDATE NO ACTION;

--
-- Constraints for table `tblvillages`
--
ALTER TABLE `tblvillages`
  ADD CONSTRAINT `fk_tblvillages_tblpanchaytee1` FOREIGN KEY (`PanchayteeId`) REFERENCES `tblpanchaytee` (`PanchayteeId`) ON DELETE NO ACTION ON UPDATE NO ACTION;
COMMIT;

/*!40101 SET CHARACTER_SET_CLIENT=@OLD_CHARACTER_SET_CLIENT */;
/*!40101 SET CHARACTER_SET_RESULTS=@OLD_CHARACTER_SET_RESULTS */;
/*!40101 SET COLLATION_CONNECTION=@OLD_COLLATION_CONNECTION */;
